schema_version,snapshot_date,module_api_name,layout_name,layout_api_name,layout_status,section_mode,section_sequence,section_label,section_api_name,column_count,field_sequence,field_source_ordinal,field_label,layout_display_label,field_api_name,data_type,default_value_status,required_status,read_only_status,field_read_only_status,api_write_status,metadata_verification_status
2,2026-08-14,Leads,Standard,Standard__s,active,default_create,1,Lead Image,Record_Image__s,1,1,1,Lead Image,Record Image,Record_Image,profileimage,not_exposed,optional,false,false,writable,verified_live_read_only
2,2026-08-14,Leads,Standard,Standard__s,active,default_create,2,Lead Summary,Lead_Summary,2,1,1,Lifecycle Status,Lifecycle Status,Lifecycle_Status,picklist,not_exposed,optional,false,false,writable,verified_live_read_only
2,2026-08-14,Leads,Standard,Standard__s,active,default_create,2,Lead Summary,Lead_Summary,2,2,2,Lead Status,Lead Status,Lead_Status,picklist,not_exposed,required,false,false,writable,verified_live_read_only
2,2026-08-14,Leads,Standard,Standard__s,active,default_create,2,Lead Summary,Lead_Summary,2,3,3,ICP Fit,ICP Fit,ICP_Fit,picklist,not_exposed,optional,false,false,writable,verified_live_read_only
2,2026-08-14,Leads,Standard,Standard__s,active,default_create,2,Lead Summary,Lead_Summary,2,4,4,Rating,Rating,Rating,picklist,not_exposed,optional,false,false,writable,verified_live_read_only
2,2026-08-14,Leads,Standard,Standard__s,active,default_create,2,Lead Summary,Lead_Summary,2,5,5,Lead Owner,Lead Owner,Owner,ownerlookup,not_exposed,optional,false,true,writable,verified_live_read_only
2,2026-08-14,Leads,Standard,Standard__s,active,default_create,2,Lead Summary,Lead_Summary,2,6,6,Lead Source,Lead Source,Lead_Source,picklist,not_exposed,required,false,false,writable,verified_live_read_only
2,2026-08-14,Leads,Standard,Standard__s,active,default_create,2,Lead Summary,Lead_Summary,2,7,7,Referral Source Contact,Referral Source Contact,Referral_Source_Name,lookup,not_exposed,optional,false,false,writable,verified_live_read_only
2,2026-08-14,Leads,Standard,Standard__s,active,default_create,2,Lead Summary,Lead_Summary,2,8,8,Next Action,Next Action,Next_Action,picklist,not_exposed,optional,false,false,writable,verified_live_read_only
2,2026-08-14,Leads,Standard,Standard__s,active,default_create,2,Lead Summary,Lead_Summary,2,9,9,Next Outreach At,Next Outreach At,Next_Outreach_At,datetime,not_exposed,optional,false,false,writable,verified_live_read_only
2,2026-08-14,Leads,Standard,Standard__s,active,default_create,2,Lead Summary,Lead_Summary,2,10,10,Nurture Reason,Nurture Reason,Nurture_Reason,picklist,not_exposed,optional,false,false,writable,verified_live_read_only
2,2026-08-14,Leads,Standard,Standard__s,active,default_create,2,Lead Summary,Lead_Summary,2,11,11,Disqualification Reason,Disqualification Reason,Disqualification_Reason,picklist,not_exposed,optional,false,false,writable,verified_live_read_only
2,2026-08-14,Leads,Standard,Standard__s,active,default_create,3,Company,Source_And_Qualification,2,1,1,Company,Company,Company,text,not_exposed,required,false,false,writable,verified_live_read_only
2,2026-08-14,Leads,Standard,Standard__s,active,default_create,3,Company,Source_And_Qualification,2,2,2,Website,Website,Website,website,not_exposed,optional,false,false,writable,verified_live_read_only
2,2026-08-14,Leads,Standard,Standard__s,active,default_create,3,Company,Source_And_Qualification,2,3,3,Company Phone,Company Phone,Main_Business_Phone,phone,not_exposed,optional,false,false,writable,verified_live_read_only
2,2026-08-14,Leads,Standard,Standard__s,active,default_create,3,Company,Source_And_Qualification,2,4,4,Company LinkedIn,Company LinkedIn,Company_LinkedIn,website,not_exposed,optional,false,false,writable,verified_live_read_only
2,2026-08-14,Leads,Standard,Standard__s,active,default_create,3,Company,Source_And_Qualification,2,5,5,Industry,Industry,Industry,picklist,not_exposed,optional,false,false,writable,verified_live_read_only
2,2026-08-14,Leads,Standard,Standard__s,active,default_create,3,Company,Source_And_Qualification,2,6,6,Company Email,Company Email,Company_Email,email,not_exposed,optional,false,false,writable,verified_live_read_only
2,2026-08-14,Leads,Standard,Standard__s,active,default_create,3,Company,Source_And_Qualification,2,7,7,No. of Employees,No. of Employees,No_of_Employees,integer,not_exposed,optional,false,false,writable,verified_live_read_only
2,2026-08-14,Leads,Standard,Standard__s,active,default_create,3,Company,Source_And_Qualification,2,8,8,Field Team Size Band,Field Team Size Band,Field_Team_Size_Band,picklist,not_exposed,optional,false,false,writable,verified_live_read_only
2,2026-08-14,Leads,Standard,Standard__s,active,default_create,3,Company,Source_And_Qualification,2,9,9,Annual Revenue,Annual Revenue,Annual_Revenue,currency,not_exposed,optional,false,false,writable,verified_live_read_only
2,2026-08-14,Leads,Standard,Standard__s,active,default_create,3,Company,Source_And_Qualification,2,10,10,Number of Locations,Number of Locations,Number_of_Locations,integer,not_exposed,optional,false,false,writable,verified_live_read_only
2,2026-08-14,Leads,Standard,Standard__s,active,default_create,3,Company,Source_And_Qualification,2,11,11,Scheduling Process,Scheduling Process,Scheduling_Process,picklist,not_exposed,optional,false,false,writable,verified_live_read_only
2,2026-08-14,Leads,Standard,Standard__s,active,default_create,3,Company,Source_And_Qualification,2,12,12,Primary Operating System,Primary Operating System,Primary_Operating_System,picklist,not_exposed,optional,false,false,writable,verified_live_read_only
2,2026-08-14,Leads,Standard,Standard__s,active,default_create,4,Address,Address_Information__s,2,1,1,Address,Address,Address,textarea,not_exposed,optional,true,true,read_only,verified_live_read_only
2,2026-08-14,Leads,Standard,Standard__s,active,default_create,4,Address,Address_Information__s,2,1,2,Address - City,Address - City,Address_City,text,not_exposed,optional,false,false,writable,verified_live_read_only
2,2026-08-14,Leads,Standard,Standard__s,active,default_create,4,Address,Address_Information__s,2,1,3,Address - Coordinates,Address - Coordinates,Address_Coordinates,textarea,not_exposed,optional,true,true,read_only,verified_live_read_only
2,2026-08-14,Leads,Standard,Standard__s,active,default_create,4,Address,Address_Information__s,2,1,4,Address - Country / Region,Address - Country / Region,Address_Country_Region,picklist,not_exposed,optional,false,false,writable,verified_live_read_only
2,2026-08-14,Leads,Standard,Standard__s,active,default_create,4,Address,Address_Information__s,2,1,5,Address - Flat / House No./ Building / Apartment Name,Address - Flat / House No./ Building / Apartment Name,Address_Flat_House_No_Building_Apartment_Name,text,not_exposed,optional,false,false,writable,verified_live_read_only
2,2026-08-14,Leads,Standard,Standard__s,active,default_create,4,Address,Address_Information__s,2,1,6,Address - Latitude,Address - Latitude,Address_Coordinates_Latitude,double,not_exposed,optional,false,false,writable,verified_live_read_only
2,2026-08-14,Leads,Standard,Standard__s,active,default_create,4,Address,Address_Information__s,2,1,7,Address - Longitude,Address - Longitude,Address_Coordinates_Longitude,double,not_exposed,optional,false,false,writable,verified_live_read_only
2,2026-08-14,Leads,Standard,Standard__s,active,default_create,4,Address,Address_Information__s,2,1,8,Address - State / Province,Address - State / Province,Address_State_Province,picklist,not_exposed,optional,false,false,writable,verified_live_read_only
2,2026-08-14,Leads,Standard,Standard__s,active,default_create,4,Address,Address_Information__s,2,1,9,Address - Street Address,Address - Street Address,Address_Street_Address,text,not_exposed,optional,false,false,writable,verified_live_read_only
2,2026-08-14,Leads,Standard,Standard__s,active,default_create,4,Address,Address_Information__s,2,1,10,Address - Zip / Postal Code,Address - Zip / Postal Code,Address_Zip_Postal_Code,text,not_exposed,optional,false,false,writable,verified_live_read_only
2,2026-08-14,Leads,Standard,Standard__s,active,default_create,4,Address,Address_Information__s,2,2,11,Location Type,Location Type,Location_Type,picklist,not_exposed,optional,false,false,writable,verified_live_read_only
2,2026-08-14,Leads,Standard,Standard__s,active,default_create,4,Address,Address_Information__s,2,4,12,Target Selection Basis,Target Selection Basis,Target_Location_Selection_Basis,picklist,not_exposed,optional,false,false,writable,verified_live_read_only
2,2026-08-14,Leads,Standard,Standard__s,active,default_create,4,Address,Address_Information__s,2,6,13,Target Anchor ZIP,Target Anchor ZIP,Target_Anchor_ZIP,text,not_exposed,optional,false,false,writable,verified_live_read_only
2,2026-08-14,Leads,Standard,Standard__s,active,default_create,4,Address,Address_Information__s,2,8,14,Distance to Anchor ZIP,Distance to Anchor ZIP,Distance_to_Anchor_ZIP,double,not_exposed,optional,false,false,writable,verified_live_read_only
2,2026-08-14,Leads,Standard,Standard__s,active,default_create,4,Address,Address_Information__s,2,10,15,Location Source URL,Location Source URL,Location_Source_URL,website,not_exposed,optional,false,false,writable,verified_live_read_only
2,2026-08-14,Leads,Standard,Standard__s,active,default_create,5,Decision Maker,Lead_Information__s,2,1,1,First Name,First Name,First_Name,text,not_exposed,required,false,false,writable,verified_live_read_only
2,2026-08-14,Leads,Standard,Standard__s,active,default_create,5,Decision Maker,Lead_Information__s,2,1,2,Salutation,Salutation,Salutation,picklist,not_exposed,optional,false,false,writable,verified_live_read_only
2,2026-08-14,Leads,Standard,Standard__s,active,default_create,5,Decision Maker,Lead_Information__s,2,2,3,Contact Email,Contact Email,Email,email,not_exposed,required,false,false,writable,verified_live_read_only
2,2026-08-14,Leads,Standard,Standard__s,active,default_create,5,Decision Maker,Lead_Information__s,2,3,4,Last Name,Last Name,Last_Name,text,not_exposed,required,false,false,writable,verified_live_read_only
2,2026-08-14,Leads,Standard,Standard__s,active,default_create,5,Decision Maker,Lead_Information__s,2,3,5,Full Name,Full Name,Full_Name,text,not_exposed,optional,false,false,read_only,verified_live_read_only
2,2026-08-14,Leads,Standard,Standard__s,active,default_create,5,Decision Maker,Lead_Information__s,2,4,6,Contact Phone,Contact Phone,Phone,phone,not_exposed,optional,false,false,writable,verified_live_read_only
2,2026-08-14,Leads,Standard,Standard__s,active,default_create,5,Decision Maker,Lead_Information__s,2,5,7,Contact Title,Contact Title,Designation,text,not_exposed,optional,false,false,writable,verified_live_read_only
2,2026-08-14,Leads,Standard,Standard__s,active,default_create,5,Decision Maker,Lead_Information__s,2,6,8,Contact LinkedIn,Contact LinkedIn,LinkedIn,website,not_exposed,optional,false,false,writable,verified_live_read_only
2,2026-08-14,Leads,Standard,Standard__s,active,default_create,5,Decision Maker,Lead_Information__s,2,7,9,Secondary Email,Secondary Email,Secondary_Email,email,not_exposed,optional,false,false,writable,verified_live_read_only
2,2026-08-14,Leads,Standard,Standard__s,active,default_create,5,Decision Maker,Lead_Information__s,2,8,10,Decision Authority,Decision Authority,Decision_Authority,picklist,not_exposed,optional,false,false,writable,verified_live_read_only
2,2026-08-14,Leads,Standard,Standard__s,active,default_create,5,Decision Maker,Lead_Information__s,2,9,11,Contact Mobile,Contact Mobile,Mobile,phone,not_exposed,optional,false,false,writable,verified_live_read_only
2,2026-08-14,Leads,Standard,Standard__s,active,default_create,5,Decision Maker,Lead_Information__s,2,10,12,Contact Verification,Contact Verification,Contact_Verification_Status,picklist,not_exposed,optional,false,false,writable,verified_live_read_only
2,2026-08-14,Leads,Standard,Standard__s,active,default_create,5,Decision Maker,Lead_Information__s,2,11,13,Decision-Maker Role,Decision-Maker Role,Decision_Maker_Role,picklist,not_exposed,optional,false,false,writable,verified_live_read_only
2,2026-08-14,Leads,Standard,Standard__s,active,default_create,5,Decision Maker,Lead_Information__s,2,12,14,Contact Verified At,Contact Verified At,Contact_Verified_At,datetime,not_exposed,optional,false,false,writable,verified_live_read_only
2,2026-08-14,Leads,Standard,Standard__s,active,default_create,5,Decision Maker,Lead_Information__s,2,13,15,Contact Location Link,Contact Location Link,Contact_Location_Relationship,picklist,not_exposed,optional,false,false,writable,verified_live_read_only
2,2026-08-14,Leads,Standard,Standard__s,active,default_create,5,Decision Maker,Lead_Information__s,2,14,16,Contact Source URL,Contact Source URL,Contact_Source_URL,website,not_exposed,optional,false,false,writable,verified_live_read_only
2,2026-08-14,Leads,Standard,Standard__s,active,default_create,5,Decision Maker,Lead_Information__s,2,16,17,Distance,Distance,nearby_distance__s,double,not_exposed,optional,true,true,read_only,verified_live_read_only
2,2026-08-14,Leads,Standard,Standard__s,active,default_create,5,Decision Maker,Lead_Information__s,2,17,18,Last Activity Time,Last Activity Time,Last_Activity_Time,datetime,not_exposed,optional,false,true,read_only,verified_live_read_only
2,2026-08-14,Leads,Standard,Standard__s,active,default_create,5,Decision Maker,Lead_Information__s,2,18,19,Converted Contact,Converted Contact,Converted_Contact,lookup,not_exposed,optional,true,true,read_only,verified_live_read_only
2,2026-08-14,Leads,Standard,Standard__s,active,default_create,5,Decision Maker,Lead_Information__s,2,19,20,Converted Account,Converted Account,Converted_Account,lookup,not_exposed,optional,true,true,read_only,verified_live_read_only
2,2026-08-14,Leads,Standard,Standard__s,active,default_create,5,Decision Maker,Lead_Information__s,2,20,21,Is Converted,Is Converted,Converted__s,boolean,not_exposed,optional,true,true,read_only,verified_live_read_only
2,2026-08-14,Leads,Standard,Standard__s,active,default_create,5,Decision Maker,Lead_Information__s,2,21,22,Record Status,Record Status,Record_Status__s,picklist,not_exposed,optional,false,false,writable,verified_live_read_only
2,2026-08-14,Leads,Standard,Standard__s,active,default_create,5,Decision Maker,Lead_Information__s,2,22,23,Locked,Locked,Locked__s,boolean,not_exposed,optional,true,true,read_only,verified_live_read_only
2,2026-08-14,Leads,Standard,Standard__s,active,default_create,5,Decision Maker,Lead_Information__s,2,23,24,Converted Deal,Converted Deal,Converted_Deal,lookup,not_exposed,optional,true,true,read_only,verified_live_read_only
2,2026-08-14,Leads,Standard,Standard__s,active,default_create,5,Decision Maker,Lead_Information__s,2,25,25,Record Id,Record Id,id,bigint,not_exposed,optional,true,true,read_only,verified_live_read_only
2,2026-08-14,Leads,Standard,Standard__s,active,default_create,5,Decision Maker,Lead_Information__s,2,27,26,Change Log Time,Change Log Time,Change_Log_Time__s,datetime,not_exposed,optional,true,true,read_only,verified_live_read_only
2,2026-08-14,Leads,Standard,Standard__s,active,default_create,5,Decision Maker,Lead_Information__s,2,29,27,Last Enriched Time,Last Enriched Time,Last_Enriched_Time__s,datetime,not_exposed,optional,true,true,read_only,verified_live_read_only
2,2026-08-14,Leads,Standard,Standard__s,active,default_create,6,Operational Fit,Qualification,2,1,1,Current Call Handling,Current Call Handling,Current_Call_Handling,picklist,not_exposed,optional,false,false,writable,verified_live_read_only
2,2026-08-14,Leads,Standard,Standard__s,active,default_create,6,Operational Fit,Qualification,2,2,2,Coverage Needs,Coverage Needs,Coverage_Needs,multiselectpicklist,not_exposed,optional,false,false,writable,verified_live_read_only
2,2026-08-14,Leads,Standard,Standard__s,active,default_create,6,Operational Fit,Qualification,2,3,3,Pain Summary,Pain Summary,Pain_Point_Summary,textarea,not_exposed,optional,false,false,writable,verified_live_read_only
2,2026-08-14,Leads,Standard,Standard__s,active,default_create,6,Operational Fit,Qualification,2,4,4,Pain Signals,Pain Signals,Pain_Signals,multiselectpicklist,not_exposed,optional,false,false,writable,verified_live_read_only
2,2026-08-14,Leads,Standard,Standard__s,active,default_create,6,Operational Fit,Qualification,2,5,5,After-Hours Call Band,After-Hours Call Band,After_Hours_Call_Band,picklist,not_exposed,optional,false,false,writable,verified_live_read_only
2,2026-08-14,Leads,Standard,Standard__s,active,default_create,6,Operational Fit,Qualification,2,6,6,Monthly Inbound Call Band,Monthly Inbound Call Band,Monthly_Inbound_Call_Band,picklist,not_exposed,optional,false,false,writable,verified_live_read_only
2,2026-08-14,Leads,Standard,Standard__s,active,default_create,6,Operational Fit,Qualification,2,7,7,Integration Readiness,Integration Readiness,Integration_Readiness,picklist,not_exposed,optional,false,false,writable,verified_live_read_only
2,2026-08-14,Leads,Standard,Standard__s,active,default_create,6,Operational Fit,Qualification,2,8,8,Average Job Value Band,Average Job Value Band,Average_Job_Value_Band,picklist,not_exposed,optional,false,false,writable,verified_live_read_only
2,2026-08-14,Leads,Standard,Standard__s,active,default_create,6,Operational Fit,Qualification,2,9,9,Commercial Fit,Commercial Fit,Budget_Fit,picklist,not_exposed,optional,false,false,writable,verified_live_read_only
2,2026-08-14,Leads,Standard,Standard__s,active,default_create,6,Operational Fit,Qualification,2,10,10,Target Market Fit,Target Market Fit,Target_Market_Fit,picklist,not_exposed,optional,false,false,writable,verified_live_read_only
2,2026-08-14,Leads,Standard,Standard__s,active,default_create,6,Operational Fit,Qualification,2,12,11,Timeline Fit,Timeline Fit,Timeline_Fit,picklist,not_exposed,optional,false,false,writable,verified_live_read_only
2,2026-08-14,Leads,Standard,Standard__s,active,default_create,7,Audit and Outreach,Account_Classification,2,1,1,After-Hours Audit At,After-Hours Audit At,After_Hours_Audit_At,datetime,not_exposed,optional,false,false,writable,verified_live_read_only
2,2026-08-14,Leads,Standard,Standard__s,active,default_create,7,Audit and Outreach,Account_Classification,2,2,2,After-Hours Audit Outcome,After-Hours Audit Outcome,After_Hours_Audit_Outcome,picklist,not_exposed,optional,false,false,writable,verified_live_read_only
2,2026-08-14,Leads,Standard,Standard__s,active,default_create,7,Audit and Outreach,Account_Classification,2,3,3,After-Hours Audit Notes,After-Hours Audit Notes,After_Hours_Audit_Notes,textarea,not_exposed,optional,false,false,writable,verified_live_read_only
2,2026-08-14,Leads,Standard,Standard__s,active,default_create,7,Audit and Outreach,Account_Classification,2,4,4,Last Outreach At,Last Outreach At,Last_Outreach_At,datetime,not_exposed,optional,false,false,writable,verified_live_read_only
2,2026-08-14,Leads,Standard,Standard__s,active,default_create,7,Audit and Outreach,Account_Classification,2,5,5,Last Outreach Channel,Last Outreach Channel,Last_Outreach_Channel,picklist,not_exposed,optional,false,false,writable,verified_live_read_only
2,2026-08-14,Leads,Standard,Standard__s,active,default_create,7,Audit and Outreach,Account_Classification,2,6,6,Outreach Attempt Count,Outreach Attempt Count,Outreach_Attempt_Count,integer,not_exposed,optional,false,false,writable,verified_live_read_only
2,2026-08-14,Leads,Standard,Standard__s,active,default_create,8,Provenance and Consent,Social_Media,2,1,1,Prospect Import Key,Prospect Import Key,Prospect_Import_Key,text,not_exposed,optional,false,false,writable,verified_live_read_only
2,2026-08-14,Leads,Standard,Standard__s,active,default_create,8,Provenance and Consent,Social_Media,2,2,2,Last Research Verified At,Last Research Verified At,Last_Research_Verified_At,datetime,not_exposed,optional,false,false,writable,verified_live_read_only
2,2026-08-14,Leads,Standard,Standard__s,active,default_create,8,Provenance and Consent,Social_Media,2,3,3,Research Notes,Research Notes,Research_Notes,textarea,not_exposed,optional,false,false,writable,verified_live_read_only
2,2026-08-14,Leads,Standard,Standard__s,active,default_create,8,Provenance and Consent,Social_Media,2,4,4,Communication Preference,Communication Preference,Preferred_Communication_Method,picklist,not_exposed,optional,false,false,writable,verified_live_read_only
2,2026-08-14,Leads,Standard,Standard__s,active,default_create,8,Provenance and Consent,Social_Media,2,5,5,Email Opt Out,Email Opt Out,Email_Opt_Out,boolean,not_exposed,optional,false,false,writable,verified_live_read_only
2,2026-08-14,Leads,Standard,Standard__s,active,default_create,8,Provenance and Consent,Social_Media,2,6,6,Text Opt Out,Text Opt Out,Text_Opt_Out,boolean,not_exposed,optional,false,false,writable,verified_live_read_only
2,2026-08-14,Leads,Standard,Standard__s,active,default_create,8,Provenance and Consent,Social_Media,2,7,7,Time Zone,Time Zone,Time_Zone,picklist,not_exposed,optional,false,false,writable,verified_live_read_only
2,2026-08-14,Leads,Standard,Standard__s,active,default_create,9,Notes,Notes,1,1,1,Description,Description,Description,textarea,not_exposed,optional,false,false,writable,verified_live_read_only
2,2026-08-14,Leads,Standard,Standard__s,active,default_create,10,Visit Summary,Visit_Summary__s,2,1,1,Most Recent Visit,Last Visited Time,Last_Visited_Time,datetime,not_exposed,optional,false,true,writable,verified_live_read_only
2,2026-08-14,Leads,Standard,Standard__s,active,default_create,10,Visit Summary,Visit_Summary__s,2,2,2,First Page Visited,First Visited URL,First_Visited_URL,website,not_exposed,optional,false,true,writable,verified_live_read_only
2,2026-08-14,Leads,Standard,Standard__s,active,default_create,10,Visit Summary,Visit_Summary__s,2,3,3,Average Time Spent (Minutes),Average Time Spent (Minutes),Average_Time_Spent_Minutes,double,not_exposed,optional,false,true,writable,verified_live_read_only
2,2026-08-14,Leads,Standard,Standard__s,active,default_create,10,Visit Summary,Visit_Summary__s,2,4,4,Number Of Chats,Number Of Chats,Number_Of_Chats,integer,not_exposed,optional,false,true,writable,verified_live_read_only
2,2026-08-14,Leads,Standard,Standard__s,active,default_create,10,Visit Summary,Visit_Summary__s,2,5,5,Referrer,Referrer,Referrer,website,not_exposed,optional,false,true,writable,verified_live_read_only
2,2026-08-14,Leads,Standard,Standard__s,active,default_create,10,Visit Summary,Visit_Summary__s,2,6,6,Visitor Score,Visitor Score,Visitor_Score,bigint,not_exposed,optional,false,true,writable,verified_live_read_only
2,2026-08-14,Leads,Standard,Standard__s,active,default_create,10,Visit Summary,Visit_Summary__s,2,7,7,First Visit,First Visited Time,First_Visited_Time,datetime,not_exposed,optional,false,true,writable,verified_live_read_only
2,2026-08-14,Leads,Standard,Standard__s,active,default_create,10,Visit Summary,Visit_Summary__s,2,8,8,Days Visited,Days Visited,Days_Visited,integer,not_exposed,optional,false,true,writable,verified_live_read_only
2,2026-08-14,Leads,Standard,Standard__s,active,default_create,11,Free Test Request,Free_Test_Request,2,1,1,Entry Offer,Entry Offer,Entry_Offer,picklist,not_exposed,optional,false,false,writable,verified_live_read_only
2,2026-08-14,Leads,Standard,Standard__s,active,default_create,11,Free Test Request,Free_Test_Request,2,2,2,Requested Test Route,Requested Test Route,Requested_Test_Route,picklist,not_exposed,optional,false,false,writable,verified_live_read_only
2,2026-08-14,Leads,Standard,Standard__s,active,default_create,11,Free Test Request,Free_Test_Request,2,3,3,Phone System Provider,Phone System Provider,Phone_System_Provider,text,not_exposed,optional,false,false,writable,verified_live_read_only
2,2026-08-14,Leads,Standard,Standard__s,active,default_create,11,Free Test Request,Free_Test_Request,2,4,4,Primary Service Area,Primary Service Area,Primary_Service_Area,textarea,not_exposed,optional,false,false,writable,verified_live_read_only
2,2026-08-14,Leads,Standard,Standard__s,active,default_create,11,Free Test Request,Free_Test_Request,2,5,5,Free Test Request Notes,Free Test Request Notes,Free_Test_Request_Notes,textarea,not_exposed,optional,false,false,writable,verified_live_read_only
2,2026-08-14,Leads,Standard,Standard__s,active,default_create,11,Free Test Request,Free_Test_Request,2,6,6,Free Test Request Submitted At,Free Test Request Submitted At,Free_Test_Request_Submitted_At,datetime,not_exposed,optional,false,false,writable,verified_live_read_only
2,2026-08-14,Leads,Standard,Standard__s,active,default_create,11,Free Test Request,Free_Test_Request,2,7,7,Submission Channel,Submission Channel,Submission_Channel,picklist,not_exposed,optional,false,false,writable,verified_live_read_only
2,2026-08-14,Leads,Standard,Standard__s,active,default_create,12,Free Test Attribution & Consent,Free_Test_Attribution_Consent,2,1,1,Free Test Contact Consent,Free Test Contact Consent,Free_Test_Contact_Consent,boolean,not_exposed,optional,false,false,writable,verified_live_read_only
2,2026-08-14,Leads,Standard,Standard__s,active,default_create,12,Free Test Attribution & Consent,Free_Test_Attribution_Consent,2,2,2,Free Test Contact Consent At,Free Test Contact Consent At,Free_Test_Contact_Consent_At,datetime,not_exposed,optional,false,false,writable,verified_live_read_only
2,2026-08-14,Leads,Standard,Standard__s,active,default_create,12,Free Test Attribution & Consent,Free_Test_Attribution_Consent,2,3,3,Free Test Contact Consent Version,Free Test Contact Consent Version,Free_Test_Contact_Consent_Version,text,not_exposed,optional,false,false,writable,verified_live_read_only
2,2026-08-14,Leads,Standard,Standard__s,active,default_create,12,Free Test Attribution & Consent,Free_Test_Attribution_Consent,2,4,4,Source Page,Source Page,Source_Page,text,not_exposed,optional,false,false,writable,verified_live_read_only
2,2026-08-14,Leads,Standard,Standard__s,active,default_create,12,Free Test Attribution & Consent,Free_Test_Attribution_Consent,2,5,5,Intake Form Version,Intake Form Version,Intake_Form_Version,text,not_exposed,optional,false,false,writable,verified_live_read_only
2,2026-08-14,Leads,Standard,Standard__s,active,default_create,12,Free Test Attribution & Consent,Free_Test_Attribution_Consent,2,6,6,Intake Submission ID,Intake Submission ID,Intake_Submission_ID,text,not_exposed,optional,false,false,writable,verified_live_read_only
2,2026-08-14,Leads,Standard,Standard__s,active,default_create,12,Free Test Attribution & Consent,Free_Test_Attribution_Consent,2,7,7,utm_source,utm_source,UTM_Source,text,not_exposed,optional,false,false,writable,verified_live_read_only
2,2026-08-14,Leads,Standard,Standard__s,active,default_create,12,Free Test Attribution & Consent,Free_Test_Attribution_Consent,2,8,8,utm_medium,utm_medium,UTM_Medium,text,not_exposed,optional,false,false,writable,verified_live_read_only
2,2026-08-14,Leads,Standard,Standard__s,active,default_create,12,Free Test Attribution & Consent,Free_Test_Attribution_Consent,2,9,9,utm_campaign,utm_campaign,UTM_Campaign,text,not_exposed,optional,false,false,writable,verified_live_read_only
2,2026-08-14,Leads,Standard,Standard__s,active,default_create,12,Free Test Attribution & Consent,Free_Test_Attribution_Consent,2,10,10,utm_content,utm_content,UTM_Content,text,not_exposed,optional,false,false,writable,verified_live_read_only
2,2026-08-14,Leads,Standard,Standard__s,active,default_create,12,Free Test Attribution & Consent,Free_Test_Attribution_Consent,2,11,11,utm_term,utm_term,UTM_Term,text,not_exposed,optional,false,false,writable,verified_live_read_only
2,2026-08-14,Leads,Standard,Standard__s,active,default_create,13,System Information,System,2,1,1,Social Lead ID,Social Lead ID,leadchain0__Social_Lead_ID,text,not_exposed,optional,false,false,writable,verified_live_read_only
2,2026-08-14,Leads,Standard,Standard__s,active,default_create,13,System Information,System,2,2,2,Created By,Created By,Created_By,ownerlookup,not_exposed,optional,false,false,read_only,verified_live_read_only
2,2026-08-14,Leads,Standard,Standard__s,active,default_create,13,System Information,System,2,3,3,Skype ID,Skype ID,Skype_ID,text,not_exposed,optional,false,false,writable,verified_live_read_only
2,2026-08-14,Leads,Standard,Standard__s,active,default_create,13,System Information,System,2,4,4,Modified By,Modified By,Modified_By,ownerlookup,not_exposed,optional,false,false,read_only,verified_live_read_only
2,2026-08-14,Leads,Standard,Standard__s,active,default_create,13,System Information,System,2,6,5,Time Zone (IANA ID),Time Zone (IANA ID),Time_Zone_IANA_ID,text,not_exposed,optional,false,false,writable,verified_live_read_only
2,2026-08-14,Leads,Standard,Standard__s,active,default_create,13,System Information,System,2,7,6,Tag,Tag,Tag,text,not_exposed,optional,false,false,writable,verified_live_read_only
2,2026-08-14,Leads,Standard,Standard__s,active,default_create,13,System Information,System,2,8,7,Time Zone Normalized At,Time Zone Normalized At,Time_Zone_Normalized_At,datetime,not_exposed,optional,false,false,writable,verified_live_read_only
2,2026-08-14,Leads,Standard,Standard__s,active,default_create,13,System Information,System,2,9,8,Converted Date Time,Converted Date Time,Converted_Date_Time,datetime,not_exposed,optional,false,false,read_only,verified_live_read_only
2,2026-08-14,Leads,Standard,Standard__s,active,default_create,13,System Information,System,2,10,9,Unsubscribed Mode,Unsubscribed Mode,Unsubscribed_Mode,picklist,not_exposed,optional,true,true,read_only,verified_live_read_only
2,2026-08-14,Leads,Standard,Standard__s,active,default_create,13,System Information,System,2,11,10,Lead Conversion Time,Lead Conversion Time,Lead_Conversion_Time,integer,not_exposed,optional,false,true,read_only,verified_live_read_only
2,2026-08-14,Leads,Standard,Standard__s,active,default_create,13,System Information,System,2,12,11,Enrich Status,Enrich Status,Enrich_Status__s,picklist,not_exposed,optional,true,true,read_only,verified_live_read_only
2,2026-08-14,Leads,Standard,Standard__s,active,default_create,13,System Information,System,2,13,12,Modified Time,Modified Time,Modified_Time,datetime,not_exposed,optional,false,false,read_only,verified_live_read_only
2,2026-08-14,Leads,Standard,Standard__s,active,default_create,13,System Information,System,2,14,13,Created Time,Created Time,Created_Time,datetime,not_exposed,optional,false,false,read_only,verified_live_read_only
2,2026-08-14,Leads,Standard,Standard__s,active,default_create,13,System Information,System,2,53,14,Unsubscribed Time,Unsubscribed Time,Unsubscribed_Time,datetime,not_exposed,optional,true,true,read_only,verified_live_read_only
2,2026-08-14,Leads,Standard,Standard__s,active,business_card,1000,Business Card,Business_Card__s,1,1,1,Full Name,Full Name,Full_Name,text,not_exposed,optional,false,false,read_only,verified_live_read_only
2,2026-08-14,Leads,Standard,Standard__s,active,business_card,1000,Business Card,Business_Card__s,1,2,2,Company,Company,Company,text,not_exposed,required,false,false,writable,verified_live_read_only
2,2026-08-14,Leads,Standard,Standard__s,active,business_card,1000,Business Card,Business_Card__s,1,3,3,Lead Owner,Lead Owner,Owner,ownerlookup,not_exposed,optional,false,true,writable,verified_live_read_only
2,2026-08-14,Leads,Standard,Standard__s,active,business_card,1000,Business Card,Business_Card__s,1,4,4,Contact Email,Contact Email,Email,email,not_exposed,required,false,false,writable,verified_live_read_only
2,2026-08-14,Leads,Standard,Standard__s,active,business_card,1000,Business Card,Business_Card__s,1,5,5,Contact Phone,Contact Phone,Phone,phone,not_exposed,optional,false,false,writable,verified_live_read_only
2,2026-08-14,Leads,Standard,Standard__s,active,business_card,1000,Business Card,Business_Card__s,1,6,6,Contact Mobile,Contact Mobile,Mobile,phone,not_exposed,optional,false,false,writable,verified_live_read_only
2,2026-08-14,Leads,Standard,Standard__s,active,business_card,1000,Business Card,Business_Card__s,1,7,7,Lead Status,Lead Status,Lead_Status,picklist,not_exposed,required,false,false,writable,verified_live_read_only
2,2026-08-14,Leads,Standard,Standard__s,active,quick_create,1000,Quick Create,Quick_Create__s,1,1,1,Company,Company,Company,text,not_exposed,required,false,false,writable,verified_live_read_only
2,2026-08-14,Leads,Standard,Standard__s,active,quick_create,1000,Quick Create,Quick_Create__s,1,2,2,First Name,First Name,First_Name,text,not_exposed,required,false,false,writable,verified_live_read_only
2,2026-08-14,Leads,Standard,Standard__s,active,quick_create,1000,Quick Create,Quick_Create__s,1,3,3,Last Name,Last Name,Last_Name,text,not_exposed,required,false,false,writable,verified_live_read_only
2,2026-08-14,Leads,Standard,Standard__s,active,quick_create,1000,Quick Create,Quick_Create__s,1,4,4,Contact Mobile,Contact Mobile,Mobile,phone,not_exposed,optional,false,false,writable,verified_live_read_only
2,2026-08-14,Leads,Standard,Standard__s,active,quick_create,1000,Quick Create,Quick_Create__s,1,5,5,Contact Email,Contact Email,Email,email,not_exposed,required,false,false,writable,verified_live_read_only
2,2026-08-14,Leads,Standard,Standard__s,active,quick_create,1000,Quick Create,Quick_Create__s,1,6,6,Lead Status,Lead Status,Lead_Status,picklist,not_exposed,required,false,false,writable,verified_live_read_only
2,2026-08-14,Leads,Standard,Standard__s,active,quick_create,1000,Quick Create,Quick_Create__s,1,7,7,Lead Source,Lead Source,Lead_Source,picklist,not_exposed,required,false,false,writable,verified_live_read_only
2,2026-08-14,Contacts,Standard,Standard__s,active,default_create,1,Contact Image,Record_Image__s,1,1,1,Contact Image,Record Image,Record_Image,profileimage,not_exposed,optional,false,false,writable,verified_live_read_only
2,2026-08-14,Contacts,Standard,Standard__s,active,default_create,2,Contact and Primary Address,Contact_Information__s,2,1,1,First Name,First Name,First_Name,text,not_exposed,required,false,false,writable,verified_live_read_only
2,2026-08-14,Contacts,Standard,Standard__s,active,default_create,2,Contact and Primary Address,Contact_Information__s,2,1,2,Salutation,Salutation,Salutation,picklist,not_exposed,optional,false,false,writable,verified_live_read_only
2,2026-08-14,Contacts,Standard,Standard__s,active,default_create,2,Contact and Primary Address,Contact_Information__s,2,2,3,Contact Type,Contact Type,Contact_Type,picklist,not_exposed,required,false,false,writable,verified_live_read_only
2,2026-08-14,Contacts,Standard,Standard__s,active,default_create,2,Contact and Primary Address,Contact_Information__s,2,3,4,Middle Name,Middle Name,Middle_Name,text,not_exposed,optional,false,false,writable,verified_live_read_only
2,2026-08-14,Contacts,Standard,Standard__s,active,default_create,2,Contact and Primary Address,Contact_Information__s,2,4,5,Account Name,Account Name,Account_Name,lookup,not_exposed,optional,false,false,writable,verified_live_read_only
2,2026-08-14,Contacts,Standard,Standard__s,active,default_create,2,Contact and Primary Address,Contact_Information__s,2,5,6,Last Name,Last Name,Last_Name,text,not_exposed,required,false,false,writable,verified_live_read_only
2,2026-08-14,Contacts,Standard,Standard__s,active,default_create,2,Contact and Primary Address,Contact_Information__s,2,5,7,Full Name,Full Name,Full_Name,text,not_exposed,optional,false,false,read_only,verified_live_read_only
2,2026-08-14,Contacts,Standard,Standard__s,active,default_create,2,Contact and Primary Address,Contact_Information__s,2,6,8,Vendor Name,Vendor Name,Vendor_Name,lookup,not_exposed,optional,false,false,writable,verified_live_read_only
2,2026-08-14,Contacts,Standard,Standard__s,active,default_create,2,Contact and Primary Address,Contact_Information__s,2,7,9,Title,Title,Title,text,not_exposed,optional,false,false,writable,verified_live_read_only
2,2026-08-14,Contacts,Standard,Standard__s,active,default_create,2,Contact and Primary Address,Contact_Information__s,2,8,10,Contact Owner,Contact Owner,Owner,ownerlookup,not_exposed,optional,false,true,writable,verified_live_read_only
2,2026-08-14,Contacts,Standard,Standard__s,active,default_create,2,Contact and Primary Address,Contact_Information__s,2,9,11,Department,Department,Department,text,not_exposed,optional,false,false,writable,verified_live_read_only
2,2026-08-14,Contacts,Standard,Standard__s,active,default_create,2,Contact and Primary Address,Contact_Information__s,2,10,12,Address,Address,Address,textarea,not_exposed,optional,true,true,read_only,verified_live_read_only
2,2026-08-14,Contacts,Standard,Standard__s,active,default_create,2,Contact and Primary Address,Contact_Information__s,2,10,13,Address - City,Address - City,Address_City,text,not_exposed,optional,false,false,writable,verified_live_read_only
2,2026-08-14,Contacts,Standard,Standard__s,active,default_create,2,Contact and Primary Address,Contact_Information__s,2,10,14,Address - Coordinates,Address - Coordinates,Address_Coordinates,textarea,not_exposed,optional,true,true,read_only,verified_live_read_only
2,2026-08-14,Contacts,Standard,Standard__s,active,default_create,2,Contact and Primary Address,Contact_Information__s,2,10,15,Address - Country / Region,Address - Country / Region,Address_Country_Region,picklist,not_exposed,optional,false,false,writable,verified_live_read_only
2,2026-08-14,Contacts,Standard,Standard__s,active,default_create,2,Contact and Primary Address,Contact_Information__s,2,10,16,Address - Flat / House No./ Building / Apartment Name,Address - Flat / House No./ Building / Apartment Name,Address_Flat_House_No_Building_Apartment_Name,text,not_exposed,optional,false,false,writable,verified_live_read_only
2,2026-08-14,Contacts,Standard,Standard__s,active,default_create,2,Contact and Primary Address,Contact_Information__s,2,10,17,Address - Latitude,Address - Latitude,Address_Coordinates_Latitude,double,not_exposed,optional,false,false,writable,verified_live_read_only
2,2026-08-14,Contacts,Standard,Standard__s,active,default_create,2,Contact and Primary Address,Contact_Information__s,2,10,18,Address - Longitude,Address - Longitude,Address_Coordinates_Longitude,double,not_exposed,optional,false,false,writable,verified_live_read_only
2,2026-08-14,Contacts,Standard,Standard__s,active,default_create,2,Contact and Primary Address,Contact_Information__s,2,10,19,Address - State / Province,Address - State / Province,Address_State_Province,picklist,not_exposed,optional,false,false,writable,verified_live_read_only
2,2026-08-14,Contacts,Standard,Standard__s,active,default_create,2,Contact and Primary Address,Contact_Information__s,2,10,20,Address - Street Address,Address - Street Address,Address_Street_Address,text,not_exposed,optional,false,false,writable,verified_live_read_only
2,2026-08-14,Contacts,Standard,Standard__s,active,default_create,2,Contact and Primary Address,Contact_Information__s,2,10,21,Address - Zip / Postal Code,Address - Zip / Postal Code,Address_Zip_Postal_Code,text,not_exposed,optional,false,false,writable,verified_live_read_only
2,2026-08-14,Contacts,Standard,Standard__s,active,default_create,2,Contact and Primary Address,Contact_Information__s,2,11,22,Last Activity Time,Last Activity Time,Last_Activity_Time,datetime,not_exposed,optional,false,true,read_only,verified_live_read_only
2,2026-08-14,Contacts,Standard,Standard__s,active,default_create,2,Contact and Primary Address,Contact_Information__s,2,12,23,Tag,Tag,Tag,text,not_exposed,optional,false,false,writable,verified_live_read_only
2,2026-08-14,Contacts,Standard,Standard__s,active,default_create,2,Contact and Primary Address,Contact_Information__s,2,13,24,Record Status,Record Status,Record_Status__s,picklist,not_exposed,optional,false,false,writable,verified_live_read_only
2,2026-08-14,Contacts,Standard,Standard__s,active,default_create,2,Contact and Primary Address,Contact_Information__s,2,15,25,Last Enriched Time,Last Enriched Time,Last_Enriched_Time__s,datetime,not_exposed,optional,true,true,read_only,verified_live_read_only
2,2026-08-14,Contacts,Standard,Standard__s,active,default_create,2,Contact and Primary Address,Contact_Information__s,2,16,26,Record Id,Record Id,id,bigint,not_exposed,optional,true,true,read_only,verified_live_read_only
2,2026-08-14,Contacts,Standard,Standard__s,active,default_create,2,Contact and Primary Address,Contact_Information__s,2,18,27,Change Log Time,Change Log Time,Change_Log_Time__s,datetime,not_exposed,optional,true,true,read_only,verified_live_read_only
2,2026-08-14,Contacts,Standard,Standard__s,active,default_create,2,Contact and Primary Address,Contact_Information__s,2,20,28,Locked,Locked,Locked__s,boolean,not_exposed,optional,true,true,read_only,verified_live_read_only
2,2026-08-14,Contacts,Standard,Standard__s,active,default_create,2,Contact and Primary Address,Contact_Information__s,2,24,29,Distance,Distance,nearby_distance__s,double,not_exposed,optional,true,true,read_only,verified_live_read_only
2,2026-08-14,Contacts,Standard,Standard__s,active,default_create,3,Roles and Portal Access,Roles_And_Portal_Access,2,1,1,Is Primary Contact?,Is Primary Contact?,Is_Primary_Contact,boolean,not_exposed,optional,false,false,writable,verified_live_read_only
2,2026-08-14,Contacts,Standard,Standard__s,active,default_create,3,Roles and Portal Access,Roles_And_Portal_Access,2,2,2,Is Portal User?,Is Portal User?,Is_Portal_User,boolean,not_exposed,optional,false,false,writable,verified_live_read_only
2,2026-08-14,Contacts,Standard,Standard__s,active,default_create,3,Roles and Portal Access,Roles_And_Portal_Access,2,3,3,Is Billing Contact?,Is Billing Contact?,Is_Billing_Contact,boolean,not_exposed,optional,false,false,writable,verified_live_read_only
2,2026-08-14,Contacts,Standard,Standard__s,active,default_create,3,Roles and Portal Access,Roles_And_Portal_Access,2,4,4,Portal Role,Portal Role,Portal_Role,picklist,not_exposed,optional,false,false,writable,verified_live_read_only
2,2026-08-14,Contacts,Standard,Standard__s,active,default_create,4,Communication,Communication_Details,2,1,1,Email,Email,Email,email,not_exposed,optional,false,false,writable,verified_live_read_only
2,2026-08-14,Contacts,Standard,Standard__s,active,default_create,4,Communication,Communication_Details,2,2,2,Email Opt Out,Email Opt Out,Email_Opt_Out,boolean,not_exposed,optional,false,false,writable,verified_live_read_only
2,2026-08-14,Contacts,Standard,Standard__s,active,default_create,4,Communication,Communication_Details,2,3,3,Contact Secondary Email,Contact Secondary Email,Secondary_Email,email,not_exposed,optional,false,false,writable,verified_live_read_only
2,2026-08-14,Contacts,Standard,Standard__s,active,default_create,4,Communication,Communication_Details,2,4,4,Preferred Communication Methods,Preferred Communication Methods,Preferred_Communication_Methods,multiselectpicklist,not_exposed,optional,false,false,writable,verified_live_read_only
2,2026-08-14,Contacts,Standard,Standard__s,active,default_create,4,Communication,Communication_Details,2,5,5,Mobile,Mobile,Mobile,phone,not_exposed,optional,false,false,writable,verified_live_read_only
2,2026-08-14,Contacts,Standard,Standard__s,active,default_create,4,Communication,Communication_Details,2,6,6,Time Zone,Time Zone,Time_Zone,picklist,not_exposed,optional,false,false,writable,verified_live_read_only
2,2026-08-14,Contacts,Standard,Standard__s,active,default_create,4,Communication,Communication_Details,2,7,7,Phone,Phone,Phone,phone,not_exposed,optional,false,false,writable,verified_live_read_only
2,2026-08-14,Contacts,Standard,Standard__s,active,default_create,5,Lead and Attribution,Engagement_Details,2,1,1,Lead Source,Lead Source,Lead_Source,picklist,not_exposed,optional,false,false,writable,verified_live_read_only
2,2026-08-14,Contacts,Standard,Standard__s,active,default_create,5,Lead and Attribution,Engagement_Details,2,2,2,Priority,Priority,Priority,picklist,not_exposed,optional,false,false,writable,verified_live_read_only
2,2026-08-14,Contacts,Standard,Standard__s,active,default_create,6,Social Media,Description_Information__s,2,1,1,Contact LinkedIn,Contact LinkedIn,LinkedIn,website,not_exposed,optional,false,false,writable,verified_live_read_only
2,2026-08-14,Contacts,Standard,Standard__s,active,default_create,6,Social Media,Description_Information__s,2,2,2,Skype ID,Skype ID,Skype_ID,text,not_exposed,optional,false,false,writable,verified_live_read_only
2,2026-08-14,Contacts,Standard,Standard__s,active,default_create,7,Notes,Notes,1,1,1,Description,Description,Description,textarea,not_exposed,optional,false,false,writable,verified_live_read_only
2,2026-08-14,Contacts,Standard,Standard__s,active,default_create,8,Visit Summary,Visit_Summary__s,2,1,1,Most Recent Visit,Last Visited Time,Last_Visited_Time,datetime,not_exposed,optional,false,true,writable,verified_live_read_only
2,2026-08-14,Contacts,Standard,Standard__s,active,default_create,8,Visit Summary,Visit_Summary__s,2,2,2,First Page Visited,First Visited URL,First_Visited_URL,website,not_exposed,optional,false,true,writable,verified_live_read_only
2,2026-08-14,Contacts,Standard,Standard__s,active,default_create,8,Visit Summary,Visit_Summary__s,2,3,3,Average Time Spent (Minutes),Average Time Spent (Minutes),Average_Time_Spent_Minutes,double,not_exposed,optional,false,true,writable,verified_live_read_only
2,2026-08-14,Contacts,Standard,Standard__s,active,default_create,8,Visit Summary,Visit_Summary__s,2,4,4,Number Of Chats,Number Of Chats,Number_Of_Chats,integer,not_exposed,optional,false,true,writable,verified_live_read_only
2,2026-08-14,Contacts,Standard,Standard__s,active,default_create,8,Visit Summary,Visit_Summary__s,2,5,5,Referrer,Referrer,Referrer,website,not_exposed,optional,false,true,writable,verified_live_read_only
2,2026-08-14,Contacts,Standard,Standard__s,active,default_create,8,Visit Summary,Visit_Summary__s,2,6,6,Visitor Score,Visitor Score,Visitor_Score,bigint,not_exposed,optional,false,true,writable,verified_live_read_only
2,2026-08-14,Contacts,Standard,Standard__s,active,default_create,8,Visit Summary,Visit_Summary__s,2,7,7,First Visit,First Visited Time,First_Visited_Time,datetime,not_exposed,optional,false,true,writable,verified_live_read_only
2,2026-08-14,Contacts,Standard,Standard__s,active,default_create,8,Visit Summary,Visit_Summary__s,2,8,8,Days Visited,Days Visited,Days_Visited,integer,not_exposed,optional,false,true,writable,verified_live_read_only
2,2026-08-14,Contacts,Standard,Standard__s,active,default_create,9,Authority & Verification,Authority_Verification,2,1,1,Decision-Maker Role,Decision-Maker Role,Decision_Maker_Role,picklist,not_exposed,optional,false,false,writable,verified_live_read_only
2,2026-08-14,Contacts,Standard,Standard__s,active,default_create,9,Authority & Verification,Authority_Verification,2,2,2,Decision Authority,Decision Authority,Decision_Authority,picklist,not_exposed,optional,false,false,writable,verified_live_read_only
2,2026-08-14,Contacts,Standard,Standard__s,active,default_create,9,Authority & Verification,Authority_Verification,2,3,3,Contact Verification,Contact Verification,Contact_Verification_Status,picklist,not_exposed,optional,false,false,writable,verified_live_read_only
2,2026-08-14,Contacts,Standard,Standard__s,active,default_create,9,Authority & Verification,Authority_Verification,2,4,4,Contact Verified At,Contact Verified At,Contact_Verified_At,datetime,not_exposed,optional,false,false,writable,verified_live_read_only
2,2026-08-14,Contacts,Standard,Standard__s,active,default_create,9,Authority & Verification,Authority_Verification,2,5,5,Text Opt Out,Text Opt Out,Text_Opt_Out,boolean,not_exposed,optional,false,false,writable,verified_live_read_only
2,2026-08-14,Contacts,Standard,Standard__s,active,default_create,9,Authority & Verification,Authority_Verification,2,6,6,Free Test Contact Consent,Free Test Contact Consent,Free_Test_Contact_Consent,boolean,not_exposed,optional,false,false,writable,verified_live_read_only
2,2026-08-14,Contacts,Standard,Standard__s,active,default_create,9,Authority & Verification,Authority_Verification,2,7,7,Free Test Contact Consent At,Free Test Contact Consent At,Free_Test_Contact_Consent_At,datetime,not_exposed,optional,false,false,writable,verified_live_read_only
2,2026-08-14,Contacts,Standard,Standard__s,active,default_create,9,Authority & Verification,Authority_Verification,2,8,8,Free Test Contact Consent Version,Free Test Contact Consent Version,Free_Test_Contact_Consent_Version,text,not_exposed,optional,false,false,writable,verified_live_read_only
2,2026-08-14,Contacts,Standard,Standard__s,active,default_create,10,System Information,System_Information,2,1,1,Social Lead ID,Social Lead ID,leadchain0__Social_Lead_ID,text,not_exposed,optional,false,false,writable,verified_live_read_only
2,2026-08-14,Contacts,Standard,Standard__s,active,default_create,10,System Information,System_Information,2,2,2,Created By,Created By,Created_By,ownerlookup,not_exposed,optional,false,false,read_only,verified_live_read_only
2,2026-08-14,Contacts,Standard,Standard__s,active,default_create,10,System Information,System_Information,2,3,3,Reporting To,Reporting To,Reporting_To,lookup,not_exposed,optional,false,false,writable,verified_live_read_only
2,2026-08-14,Contacts,Standard,Standard__s,active,default_create,10,System Information,System_Information,2,4,4,Modified By,Modified By,Modified_By,ownerlookup,not_exposed,optional,false,false,read_only,verified_live_read_only
2,2026-08-14,Contacts,Standard,Standard__s,active,default_create,10,System Information,System_Information,2,6,5,Time Zone (IANA ID),Time Zone (IANA ID),Time_Zone_IANA_ID,text,not_exposed,optional,false,false,writable,verified_live_read_only
2,2026-08-14,Contacts,Standard,Standard__s,active,default_create,10,System Information,System_Information,2,8,6,Created Time,Created Time,Created_Time,datetime,not_exposed,optional,false,false,read_only,verified_live_read_only
2,2026-08-14,Contacts,Standard,Standard__s,active,default_create,10,System Information,System_Information,2,10,7,Time Zone Normalized At,Time Zone Normalized At,Time_Zone_Normalized_At,datetime,not_exposed,optional,false,false,writable,verified_live_read_only
2,2026-08-14,Contacts,Standard,Standard__s,active,default_create,10,System Information,System_Information,2,12,8,Modified Time,Modified Time,Modified_Time,datetime,not_exposed,optional,false,false,read_only,verified_live_read_only
2,2026-08-14,Contacts,Standard,Standard__s,active,default_create,10,System Information,System_Information,2,31,9,Unsubscribed Mode,Unsubscribed Mode,Unsubscribed_Mode,picklist,not_exposed,optional,true,true,read_only,verified_live_read_only
2,2026-08-14,Contacts,Standard,Standard__s,active,default_create,10,System Information,System_Information,2,32,10,Unsubscribed Time,Unsubscribed Time,Unsubscribed_Time,datetime,not_exposed,optional,true,true,read_only,verified_live_read_only
2,2026-08-14,Contacts,Standard,Standard__s,active,default_create,10,System Information,System_Information,2,34,11,Enrich Status,Enrich Status,Enrich_Status__s,picklist,not_exposed,optional,true,true,read_only,verified_live_read_only
2,2026-08-14,Contacts,Standard,Standard__s,active,business_card,1000,Business Card,Business_Card__s,1,1,1,Full Name,Full Name,Full_Name,text,not_exposed,optional,false,false,read_only,verified_live_read_only
2,2026-08-14,Contacts,Standard,Standard__s,active,business_card,1000,Business Card,Business_Card__s,1,2,2,Account Name,Account Name,Account_Name,lookup,not_exposed,optional,false,false,writable,verified_live_read_only
2,2026-08-14,Contacts,Standard,Standard__s,active,business_card,1000,Business Card,Business_Card__s,1,3,3,Mobile,Mobile,Mobile,phone,not_exposed,optional,false,false,writable,verified_live_read_only
2,2026-08-14,Contacts,Standard,Standard__s,active,business_card,1000,Business Card,Business_Card__s,1,4,4,Phone,Phone,Phone,phone,not_exposed,optional,false,false,writable,verified_live_read_only
2,2026-08-14,Contacts,Standard,Standard__s,active,business_card,1000,Business Card,Business_Card__s,1,5,5,Email,Email,Email,email,not_exposed,optional,false,false,writable,verified_live_read_only
2,2026-08-14,Contacts,Standard,Standard__s,active,quick_create,1000,Quick Create,Quick_Create__s,1,1,1,First Name,First Name,First_Name,text,not_exposed,required,false,false,writable,verified_live_read_only
2,2026-08-14,Contacts,Standard,Standard__s,active,quick_create,1000,Quick Create,Quick_Create__s,1,2,2,Last Name,Last Name,Last_Name,text,not_exposed,required,false,false,writable,verified_live_read_only
2,2026-08-14,Contacts,Standard,Standard__s,active,quick_create,1000,Quick Create,Quick_Create__s,1,3,3,Account Name,Account Name,Account_Name,lookup,not_exposed,optional,false,false,writable,verified_live_read_only
2,2026-08-14,Contacts,Standard,Standard__s,active,quick_create,1000,Quick Create,Quick_Create__s,1,4,4,Email,Email,Email,email,not_exposed,optional,false,false,writable,verified_live_read_only
2,2026-08-14,Contacts,Standard,Standard__s,active,quick_create,1000,Quick Create,Quick_Create__s,1,5,5,Phone,Phone,Phone,phone,not_exposed,optional,false,false,writable,verified_live_read_only
2,2026-08-14,Contacts,Standard,Standard__s,active,quick_create,1000,Quick Create,Quick_Create__s,1,6,6,Contact Type,Contact Type,Contact_Type,picklist,not_exposed,required,false,false,writable,verified_live_read_only
2,2026-08-14,Accounts,Standard,Standard__s,active,default_create,1,Account Image,Record_Image__s,1,1,1,Account Image,Record Image,Record_Image,profileimage,none,optional,false,false,writable,verified_live_read_only
2,2026-08-14,Accounts,Standard,Standard__s,active,default_create,2,Account Details,Account_Information__s,2,1,1,Account Name,Account Name,Account_Name,text,none,required,false,false,writable,verified_live_read_only
2,2026-08-14,Accounts,Standard,Standard__s,active,default_create,2,Account Details,Account_Information__s,2,2,2,Company Phone,Company Phone,Phone,phone,none,optional,false,false,writable,verified_live_read_only
2,2026-08-14,Accounts,Standard,Standard__s,active,default_create,2,Account Details,Account_Information__s,2,3,3,Parent Account,Parent Account,Parent_Account,lookup,none,optional,false,false,writable,verified_live_read_only
2,2026-08-14,Accounts,Standard,Standard__s,active,default_create,2,Account Details,Account_Information__s,2,4,4,Company Email,Company Email,Company_Email,email,none,optional,false,false,writable,verified_live_read_only
2,2026-08-14,Accounts,Standard,Standard__s,active,default_create,2,Account Details,Account_Information__s,2,5,5,Account Type,Account Type,Account_Type,picklist,none,required,false,false,writable,verified_live_read_only
2,2026-08-14,Accounts,Standard,Standard__s,active,default_create,2,Account Details,Account_Information__s,2,6,6,Website,Website,Website,website,none,optional,false,false,writable,verified_live_read_only
2,2026-08-14,Accounts,Standard,Standard__s,active,default_create,2,Account Details,Account_Information__s,2,7,7,Pain Point Summary,Pain Point Summary,Pain_Point_Summary,textarea,none,optional,false,false,writable,verified_live_read_only
2,2026-08-14,Accounts,Standard,Standard__s,active,default_create,2,Account Details,Account_Information__s,2,8,8,Company LinkedIn,Company LinkedIn,Company_LinkedIn,website,none,optional,false,false,writable,verified_live_read_only
2,2026-08-14,Accounts,Standard,Standard__s,active,default_create,2,Account Details,Account_Information__s,2,10,9,Account Owner,Account Owner,Owner,ownerlookup,none,optional,false,true,writable,verified_live_read_only
2,2026-08-14,Accounts,Standard,Standard__s,active,default_create,2,Account Details,Account_Information__s,2,11,10,Last Enriched Time,Last Enriched Time,Last_Enriched_Time__s,datetime,none,optional,true,true,read_only,verified_live_read_only
2,2026-08-14,Accounts,Standard,Standard__s,active,default_create,2,Account Details,Account_Information__s,2,12,11,Tag,Tag,Tag,text,none,optional,false,false,writable,verified_live_read_only
2,2026-08-14,Accounts,Standard,Standard__s,active,default_create,2,Account Details,Account_Information__s,2,13,12,Record Status,Record Status,Record_Status__s,picklist,none,optional,false,false,writable,verified_live_read_only
2,2026-08-14,Accounts,Standard,Standard__s,active,default_create,2,Account Details,Account_Information__s,2,14,13,Last Activity Time,Last Activity Time,Last_Activity_Time,datetime,none,optional,false,true,read_only,verified_live_read_only
2,2026-08-14,Accounts,Standard,Standard__s,active,default_create,2,Account Details,Account_Information__s,2,16,14,Record Id,Record Id,id,bigint,none,optional,true,true,read_only,verified_live_read_only
2,2026-08-14,Accounts,Standard,Standard__s,active,default_create,2,Account Details,Account_Information__s,2,18,15,Change Log Time,Change Log Time,Change_Log_Time__s,datetime,none,optional,true,true,read_only,verified_live_read_only
2,2026-08-14,Accounts,Standard,Standard__s,active,default_create,2,Account Details,Account_Information__s,2,20,16,Locked,Locked,Locked__s,boolean,configured,optional,true,true,read_only,verified_live_read_only
2,2026-08-14,Accounts,Standard,Standard__s,active,default_create,2,Account Details,Account_Information__s,2,24,17,Distance,Distance,nearby_distance__s,double,none,optional,true,true,read_only,verified_live_read_only
2,2026-08-14,Accounts,Standard,Standard__s,active,default_create,3,Primary Contact,Primary_Contact,2,1,1,Primary Contact,Primary Contact,Primary_Contact,lookup,none,optional,false,false,writable,verified_live_read_only
2,2026-08-14,Accounts,Standard,Standard__s,active,default_create,3,Primary Contact,Primary_Contact,2,2,2,Contact Mobile,Contact Mobile,Mobile,phone,none,optional,false,false,writable,verified_live_read_only
2,2026-08-14,Accounts,Standard,Standard__s,active,default_create,3,Primary Contact,Primary_Contact,2,3,3,Title,Title,Title,text,none,optional,false,false,writable,verified_live_read_only
2,2026-08-14,Accounts,Standard,Standard__s,active,default_create,3,Primary Contact,Primary_Contact,2,4,4,Contact Phone,Contact Phone,Work_Phone,phone,none,optional,false,false,writable,verified_live_read_only
2,2026-08-14,Accounts,Standard,Standard__s,active,default_create,3,Primary Contact,Primary_Contact,2,5,5,Department,Department,Department,text,none,optional,false,false,writable,verified_live_read_only
2,2026-08-14,Accounts,Standard,Standard__s,active,default_create,3,Primary Contact,Primary_Contact,2,6,6,Contact Email,Contact Email,Email,email,none,optional,false,false,writable,verified_live_read_only
2,2026-08-14,Accounts,Standard,Standard__s,active,default_create,4,Segmentation,Segmentation,2,1,1,Industry,Industry,Industry,picklist,none,optional,false,false,writable,verified_live_read_only
2,2026-08-14,Accounts,Standard,Standard__s,active,default_create,4,Segmentation,Segmentation,2,2,2,Annual Revenue,Annual Revenue,Annual_Revenue,currency,none,optional,false,false,writable,verified_live_read_only
2,2026-08-14,Accounts,Standard,Standard__s,active,default_create,4,Segmentation,Segmentation,2,3,3,Lead Source,Lead Source,Source_Channel,picklist,none,optional,false,false,writable,verified_live_read_only
2,2026-08-14,Accounts,Standard,Standard__s,active,default_create,4,Segmentation,Segmentation,2,4,4,No. of Employees,No. of Employees,Employees,integer,none,optional,false,false,writable,verified_live_read_only
2,2026-08-14,Accounts,Standard,Standard__s,active,default_create,5,Subscription Summary,Account_Classification,2,1,1,Billing Customer ID,Billing Customer ID,Customer_ID,text,none,optional,false,false,writable,verified_live_read_only
2,2026-08-14,Accounts,Standard,Standard__s,active,default_create,5,Subscription Summary,Account_Classification,2,2,2,Subscription Status,Subscription Status,Subscription_Status,picklist,none,optional,false,false,writable,verified_live_read_only
2,2026-08-14,Accounts,Standard,Standard__s,active,default_create,5,Subscription Summary,Account_Classification,2,3,3,Monthly Recurring Revenue,Monthly Recurring Revenue,Monthly_Recurring_Revenue,currency,none,optional,false,false,writable,verified_live_read_only
2,2026-08-14,Accounts,Standard,Standard__s,active,default_create,5,Subscription Summary,Account_Classification,2,4,4,Active Services,Active Services,Active_Services,multiselectpicklist,none,optional,false,false,writable,verified_live_read_only
2,2026-08-14,Accounts,Standard,Standard__s,active,default_create,6,Onboarding Summary,Onboarding_Summary,2,1,1,Onboarding Status,Onboarding Status,Onboarding_Status,picklist,none,required,false,false,writable,verified_live_read_only
2,2026-08-14,Accounts,Standard,Standard__s,active,default_create,6,Onboarding Summary,Onboarding_Summary,2,2,2,Onboarding Submitted At,Onboarding Submitted At,Onboarding_Submitted_At,datetime,none,optional,false,false,writable,verified_live_read_only
2,2026-08-14,Accounts,Standard,Standard__s,active,default_create,6,Onboarding Summary,Onboarding_Summary,2,3,3,Implementation Owner,Implementation Owner,Implementation_Owner,userlookup,none,optional,false,false,writable,verified_live_read_only
2,2026-08-14,Accounts,Standard,Standard__s,active,default_create,7,Billing Contact Details,Billing_Address,2,1,1,Billing Address,Billing Address,Address,textarea,none,optional,true,true,read_only,verified_live_read_only
2,2026-08-14,Accounts,Standard,Standard__s,active,default_create,7,Billing Contact Details,Billing_Address,2,1,2,Billing Address - City,Billing Address - City,Address_City,text,none,optional,false,false,writable,verified_live_read_only
2,2026-08-14,Accounts,Standard,Standard__s,active,default_create,7,Billing Contact Details,Billing_Address,2,1,3,Billing Address - Coordinates,Billing Address - Coordinates,Address_Coordinates,textarea,none,optional,true,true,read_only,verified_live_read_only
2,2026-08-14,Accounts,Standard,Standard__s,active,default_create,7,Billing Contact Details,Billing_Address,2,1,4,Billing Address - Country / Region,Billing Address - Country / Region,Address_Country_Region,picklist,configured,optional,false,false,writable,verified_live_read_only
2,2026-08-14,Accounts,Standard,Standard__s,active,default_create,7,Billing Contact Details,Billing_Address,2,1,5,Billing Address - Flat / House No./ Building / Apartment Name,Billing Address - Flat / House No./ Building / Apartment Name,Address_Flat_House_No_Building_Apartment_Name,text,none,optional,false,false,writable,verified_live_read_only
2,2026-08-14,Accounts,Standard,Standard__s,active,default_create,7,Billing Contact Details,Billing_Address,2,1,6,Billing Address - Latitude,Billing Address - Latitude,Address_Coordinates_Latitude,double,none,optional,false,false,writable,verified_live_read_only
2,2026-08-14,Accounts,Standard,Standard__s,active,default_create,7,Billing Contact Details,Billing_Address,2,1,7,Billing Address - Longitude,Billing Address - Longitude,Address_Coordinates_Longitude,double,none,optional,false,false,writable,verified_live_read_only
2,2026-08-14,Accounts,Standard,Standard__s,active,default_create,7,Billing Contact Details,Billing_Address,2,1,8,Billing Address - State / Province,Billing Address - State / Province,Address_State_Province,picklist,none,optional,false,false,writable,verified_live_read_only
2,2026-08-14,Accounts,Standard,Standard__s,active,default_create,7,Billing Contact Details,Billing_Address,2,1,9,Billing Address - Street Address,Billing Address - Street Address,Address_Street_Address,text,none,optional,false,false,writable,verified_live_read_only
2,2026-08-14,Accounts,Standard,Standard__s,active,default_create,7,Billing Contact Details,Billing_Address,2,1,10,Billing Address - Zip / Postal Code,Billing Address - Zip / Postal Code,Address_Zip_Postal_Code,text,none,optional,false,false,writable,verified_live_read_only
2,2026-08-14,Accounts,Standard,Standard__s,active,default_create,7,Billing Contact Details,Billing_Address,2,2,11,Billing Contact,Billing Contact,Billing_Contact,lookup,none,optional,false,false,writable,verified_live_read_only
2,2026-08-14,Accounts,Standard,Standard__s,active,default_create,7,Billing Contact Details,Billing_Address,2,4,12,Billing Attention,Billing Attention,Billing_Attention,text,none,optional,false,false,writable,verified_live_read_only
2,2026-08-14,Accounts,Standard,Standard__s,active,default_create,7,Billing Contact Details,Billing_Address,2,6,13,Billing Phone,Billing Phone,Billing_Phone,phone,none,optional,false,false,writable,verified_live_read_only
2,2026-08-14,Accounts,Standard,Standard__s,active,default_create,7,Billing Contact Details,Billing_Address,2,8,14,Billing Fax,Billing Fax,Billing_Fax,phone,none,optional,false,false,writable,verified_live_read_only
2,2026-08-14,Accounts,Standard,Standard__s,active,default_create,8,Shipping Contact Details,Shipping_Address,2,1,1,Shipping Address,Shipping Address,Shipping_Address,textarea,none,optional,true,true,read_only,verified_live_read_only
2,2026-08-14,Accounts,Standard,Standard__s,active,default_create,8,Shipping Contact Details,Shipping_Address,2,1,2,Shipping Address - City,Shipping Address - City,Shipping_Address_City,text,none,optional,false,false,writable,verified_live_read_only
2,2026-08-14,Accounts,Standard,Standard__s,active,default_create,8,Shipping Contact Details,Shipping_Address,2,1,3,Shipping Address - Coordinates,Shipping Address - Coordinates,Shipping_Address_Coordinates,textarea,none,optional,true,true,read_only,verified_live_read_only
2,2026-08-14,Accounts,Standard,Standard__s,active,default_create,8,Shipping Contact Details,Shipping_Address,2,1,4,Shipping Address - Country / Region,Shipping Address - Country / Region,Shipping_Address_Country_Region,picklist,configured,optional,false,false,writable,verified_live_read_only
2,2026-08-14,Accounts,Standard,Standard__s,active,default_create,8,Shipping Contact Details,Shipping_Address,2,1,5,Shipping Address - Flat / House No./ Building / Apartment Name,Shipping Address - Flat / House No./ Building / Apartment Name,Shipping_Address_Flat_House_No_Building_Apartment,text,none,optional,false,false,writable,verified_live_read_only
2,2026-08-14,Accounts,Standard,Standard__s,active,default_create,8,Shipping Contact Details,Shipping_Address,2,1,6,Shipping Address - Latitude,Shipping Address - Latitude,Shipping_Address_Coordinates_Latitude,double,none,optional,false,false,writable,verified_live_read_only
2,2026-08-14,Accounts,Standard,Standard__s,active,default_create,8,Shipping Contact Details,Shipping_Address,2,1,7,Shipping Address - Longitude,Shipping Address - Longitude,Shipping_Address_Coordinates_Longitude,double,none,optional,false,false,writable,verified_live_read_only
2,2026-08-14,Accounts,Standard,Standard__s,active,default_create,8,Shipping Contact Details,Shipping_Address,2,1,8,Shipping Address - State / Province,Shipping Address - State / Province,Shipping_Address_State_Province,picklist,none,optional,false,false,writable,verified_live_read_only
2,2026-08-14,Accounts,Standard,Standard__s,active,default_create,8,Shipping Contact Details,Shipping_Address,2,1,9,Shipping Address - Street Address,Shipping Address - Street Address,Shipping_Address_Street_Address,text,none,optional,false,false,writable,verified_live_read_only
2,2026-08-14,Accounts,Standard,Standard__s,active,default_create,8,Shipping Contact Details,Shipping_Address,2,1,10,Shipping Address - Zip / Postal Code,Shipping Address - Zip / Postal Code,Shipping_Address_Zip_Postal_Code,text,none,optional,false,false,writable,verified_live_read_only
2,2026-08-14,Accounts,Standard,Standard__s,active,default_create,8,Shipping Contact Details,Shipping_Address,2,2,11,Shipping Contact,Shipping Contact,Shipping_Contact,lookup,none,optional,false,false,writable,verified_live_read_only
2,2026-08-14,Accounts,Standard,Standard__s,active,default_create,8,Shipping Contact Details,Shipping_Address,2,4,12,Shipping Attention,Shipping Attention,Shipping_Attention,text,none,optional,false,false,writable,verified_live_read_only
2,2026-08-14,Accounts,Standard,Standard__s,active,default_create,8,Shipping Contact Details,Shipping_Address,2,6,13,Shipping Phone,Shipping Phone,Shipping_Phone,phone,none,optional,false,false,writable,verified_live_read_only
2,2026-08-14,Accounts,Standard,Standard__s,active,default_create,8,Shipping Contact Details,Shipping_Address,2,8,14,Shipping Fax,Shipping Fax,Shipping_Fax,phone,none,optional,false,false,writable,verified_live_read_only
2,2026-08-14,Accounts,Standard,Standard__s,active,default_create,9,Notes,Notes,1,1,1,Description,Description,Description,textarea,none,optional,false,false,writable,verified_live_read_only
2,2026-08-14,Accounts,Standard,Standard__s,active,default_create,10,Front-Office Profile,Front_Office_Profile,2,1,1,Legal Business Name,Legal Business Name,Legal_Business_Name,text,none,optional,false,false,writable,verified_live_read_only
2,2026-08-14,Accounts,Standard,Standard__s,active,default_create,10,Front-Office Profile,Front_Office_Profile,2,2,2,Phone System Provider,Phone System Provider,Phone_System_Provider,text,none,optional,false,false,writable,verified_live_read_only
2,2026-08-14,Accounts,Standard,Standard__s,active,default_create,10,Front-Office Profile,Front_Office_Profile,2,3,3,Primary Service Area,Primary Service Area,Primary_Service_Area,textarea,none,optional,false,false,writable,verified_live_read_only
2,2026-08-14,Accounts,Standard,Standard__s,active,default_create,10,Front-Office Profile,Front_Office_Profile,2,4,4,Normal Business Hours,Normal Business Hours,Normal_Business_Hours,textarea,none,optional,false,false,writable,verified_live_read_only
2,2026-08-14,Accounts,Standard,Standard__s,active,default_create,10,Front-Office Profile,Front_Office_Profile,2,5,5,Field Team Size Band,Field Team Size Band,Field_Team_Size_Band,picklist,none,optional,false,false,writable,verified_live_read_only
2,2026-08-14,Accounts,Standard,Standard__s,active,default_create,10,Front-Office Profile,Front_Office_Profile,2,6,6,Services Handled,Services Handled,Services_Handled,multiselectpicklist,none,optional,false,false,writable,verified_live_read_only
2,2026-08-14,Accounts,Standard,Standard__s,active,default_create,10,Front-Office Profile,Front_Office_Profile,2,7,7,Other Service Details,Other Service Details,Other_Service_Details,textarea,none,optional,false,false,writable,verified_live_read_only
2,2026-08-14,Accounts,Standard,Standard__s,active,default_create,11,System Information,System_Information,2,1,1,Contracts Counterparty ID,Contracts Counterparty ID,zohocontracts__Contracts_Counterparty_ID,text,none,optional,false,false,writable,verified_live_read_only
2,2026-08-14,Accounts,Standard,Standard__s,active,default_create,11,System Information,System_Information,2,2,2,Created By,Created By,Created_By,ownerlookup,none,optional,false,false,read_only,verified_live_read_only
2,2026-08-14,Accounts,Standard,Standard__s,active,default_create,11,System Information,System_Information,2,4,3,Modified By,Modified By,Modified_By,ownerlookup,none,optional,false,false,read_only,verified_live_read_only
2,2026-08-14,Accounts,Standard,Standard__s,active,default_create,11,System Information,System_Information,2,6,4,Created Time,Created Time,Created_Time,datetime,none,optional,false,false,read_only,verified_live_read_only
2,2026-08-14,Accounts,Standard,Standard__s,active,default_create,11,System Information,System_Information,2,8,5,Modified Time,Modified Time,Modified_Time,datetime,none,optional,false,false,read_only,verified_live_read_only
2,2026-08-14,Accounts,Standard,Standard__s,active,default_create,11,System Information,System_Information,2,22,6,Enrich Status,Enrich Status,Enrich_Status__s,picklist,none,optional,true,true,read_only,verified_live_read_only
2,2026-08-14,Accounts,Standard,Standard__s,active,business_card,1000,Business Card,Business_Card__s,1,1,1,Account Name,Account Name,Account_Name,text,none,required,false,false,writable,verified_live_read_only
2,2026-08-14,Accounts,Standard,Standard__s,active,business_card,1000,Business Card,Business_Card__s,1,2,2,Website,Website,Website,website,none,optional,false,false,writable,verified_live_read_only
2,2026-08-14,Accounts,Standard,Standard__s,active,business_card,1000,Business Card,Business_Card__s,1,3,3,Account Owner,Account Owner,Owner,ownerlookup,none,optional,false,true,writable,verified_live_read_only
2,2026-08-14,Accounts,Standard,Standard__s,active,business_card,1000,Business Card,Business_Card__s,1,4,4,Industry,Industry,Industry,picklist,none,optional,false,false,writable,verified_live_read_only
2,2026-08-14,Accounts,Standard,Standard__s,active,business_card,1000,Business Card,Business_Card__s,1,5,5,No. of Employees,No. of Employees,Employees,integer,none,optional,false,false,writable,verified_live_read_only
2,2026-08-14,Accounts,Standard,Standard__s,active,business_card,1000,Business Card,Business_Card__s,1,6,6,Annual Revenue,Annual Revenue,Annual_Revenue,currency,none,optional,false,false,writable,verified_live_read_only
2,2026-08-14,Accounts,Standard,Standard__s,active,quick_create,1000,Quick Create,Quick_Create__s,1,1,1,Account Name,Account Name,Account_Name,text,none,required,false,false,writable,verified_live_read_only
2,2026-08-14,Accounts,Standard,Standard__s,active,quick_create,1000,Quick Create,Quick_Create__s,1,2,2,Website,Website,Website,website,none,optional,false,false,writable,verified_live_read_only
2,2026-08-14,Accounts,Standard,Standard__s,active,quick_create,1000,Quick Create,Quick_Create__s,1,3,3,Account Type,Account Type,Account_Type,picklist,none,required,false,false,writable,verified_live_read_only
2,2026-08-14,Accounts,Standard,Standard__s,active,quick_create,1000,Quick Create,Quick_Create__s,1,4,4,Onboarding Status,Onboarding Status,Onboarding_Status,picklist,none,required,false,false,writable,verified_live_read_only
2,2026-08-14,Deals,Standard,Standard__s,active,default_create,1,Deal Image,Record_Image__s,1,1,1,Deal Image,Deal Image,Record_Image,profileimage,none,optional,false,false,writable,verified_live_read_only
2,2026-08-14,Deals,Standard,Standard__s,active,default_create,2,Deal and Business Location,Potential_Information__s,2,1,1,Deal Name,Potential Name,Deal_Name,text,none,required,false,false,writable,verified_live_read_only
2,2026-08-14,Deals,Standard,Standard__s,active,default_create,2,Deal and Business Location,Potential_Information__s,2,2,2,Type,Type,Type,picklist,configured,optional,false,false,writable,verified_live_read_only
2,2026-08-14,Deals,Standard,Standard__s,active,default_create,2,Deal and Business Location,Potential_Information__s,2,3,3,Account Name,Account Name,Account_Name,lookup,none,required,false,false,writable,verified_live_read_only
2,2026-08-14,Deals,Standard,Standard__s,active,default_create,2,Deal and Business Location,Potential_Information__s,2,4,4,Pipeline,Pipeline,Pipeline,picklist,configured,required,false,false,writable,verified_live_read_only
2,2026-08-14,Deals,Standard,Standard__s,active,default_create,2,Deal and Business Location,Potential_Information__s,2,5,5,Deal Owner,Potential Owner,Owner,ownerlookup,none,optional,false,true,writable,verified_live_read_only
2,2026-08-14,Deals,Standard,Standard__s,active,default_create,2,Deal and Business Location,Potential_Information__s,2,6,6,Stage,Stage,Stage,picklist,none,required,false,false,writable,verified_live_read_only
2,2026-08-14,Deals,Standard,Standard__s,active,default_create,2,Deal and Business Location,Potential_Information__s,2,7,7,Last Activity Time,Last Activity Time,Last_Activity_Time,datetime,none,optional,false,true,read_only,verified_live_read_only
2,2026-08-14,Deals,Standard,Standard__s,active,default_create,2,Deal and Business Location,Potential_Information__s,2,8,8,Closing Date,Closing Date,Closing_Date,date,none,required,false,false,writable,verified_live_read_only
2,2026-08-14,Deals,Standard,Standard__s,active,default_create,2,Deal and Business Location,Potential_Information__s,2,9,9,Locked,Locked,Locked__s,boolean,configured,optional,true,true,read_only,verified_live_read_only
2,2026-08-14,Deals,Standard,Standard__s,active,default_create,2,Deal and Business Location,Potential_Information__s,2,10,10,Tag,Tag,Tag,text,none,optional,false,false,writable,verified_live_read_only
2,2026-08-14,Deals,Standard,Standard__s,active,default_create,2,Deal and Business Location,Potential_Information__s,2,11,11,Record Status,Record Status,Record_Status__s,picklist,none,optional,false,false,writable,verified_live_read_only
2,2026-08-14,Deals,Standard,Standard__s,active,default_create,2,Deal and Business Location,Potential_Information__s,2,13,12,Distance,Distance,nearby_distance__s,double,none,optional,true,true,read_only,verified_live_read_only
2,2026-08-14,Deals,Standard,Standard__s,active,default_create,2,Deal and Business Location,Potential_Information__s,2,14,13,Record Id,Record Id,id,bigint,none,optional,true,true,read_only,verified_live_read_only
2,2026-08-14,Deals,Standard,Standard__s,active,default_create,2,Deal and Business Location,Potential_Information__s,2,16,14,Change Log Time,Change Log Time,Change_Log_Time__s,datetime,none,optional,true,true,read_only,verified_live_read_only
2,2026-08-14,Deals,Standard,Standard__s,active,default_create,3,Primary Contact,Primary_Contact,2,1,1,Contact Name,Contact Name,Contact_Name,lookup,none,required,false,false,writable,verified_live_read_only
2,2026-08-14,Deals,Standard,Standard__s,active,default_create,4,Fit and Discovery,Billing_Linkage,2,1,1,Current Call Handling,Current Call Handling,Current_Call_Handling,picklist,none,optional,false,false,writable,verified_live_read_only
2,2026-08-14,Deals,Standard,Standard__s,active,default_create,4,Fit and Discovery,Billing_Linkage,2,2,2,Coverage Needs,Coverage Needs,Coverage_Needs,multiselectpicklist,none,optional,false,false,writable,verified_live_read_only
2,2026-08-14,Deals,Standard,Standard__s,active,default_create,4,Fit and Discovery,Billing_Linkage,2,3,3,Primary Operating System,Primary Operating System,Primary_Operating_System,picklist,none,optional,false,false,writable,verified_live_read_only
2,2026-08-14,Deals,Standard,Standard__s,active,default_create,4,Fit and Discovery,Billing_Linkage,2,4,4,Scheduling Process,Scheduling Process,Scheduling_Process,picklist,none,optional,false,false,writable,verified_live_read_only
2,2026-08-14,Deals,Standard,Standard__s,active,default_create,4,Fit and Discovery,Billing_Linkage,2,5,5,Integration Readiness,Integration Readiness,Integration_Readiness,picklist,none,optional,false,false,writable,verified_live_read_only
2,2026-08-14,Deals,Standard,Standard__s,active,default_create,4,Fit and Discovery,Billing_Linkage,2,6,6,Monthly Inbound Call Band,Monthly Inbound Call Band,Monthly_Inbound_Call_Band,picklist,none,optional,false,false,writable,verified_live_read_only
2,2026-08-14,Deals,Standard,Standard__s,active,default_create,4,Fit and Discovery,Billing_Linkage,2,7,7,After-Hours Call Band,After-Hours Call Band,After_Hours_Call_Band,picklist,none,optional,false,false,writable,verified_live_read_only
2,2026-08-14,Deals,Standard,Standard__s,active,default_create,4,Fit and Discovery,Billing_Linkage,2,8,8,Average Job Value Band,Average Job Value Band,Average_Job_Value_Band,picklist,none,optional,false,false,writable,verified_live_read_only
2,2026-08-14,Deals,Standard,Standard__s,active,default_create,4,Fit and Discovery,Billing_Linkage,2,9,9,Pain Summary,Pain Summary,Pain_Point_Summary,textarea,none,optional,false,false,writable,verified_live_read_only
2,2026-08-14,Deals,Standard,Standard__s,active,default_create,4,Fit and Discovery,Billing_Linkage,2,10,10,Timeline Fit,Timeline Fit,Timeline_Fit,picklist,none,optional,false,false,writable,verified_live_read_only
2,2026-08-14,Deals,Standard,Standard__s,active,default_create,4,Fit and Discovery,Billing_Linkage,2,11,11,Commercial Fit,Commercial Fit,Budget_Fit,picklist,none,optional,false,false,writable,verified_live_read_only
2,2026-08-14,Deals,Standard,Standard__s,active,default_create,4,Fit and Discovery,Billing_Linkage,2,12,12,Workflow Integration,Workflow Integration,Workflow_And_Integration_Notes,textarea,none,optional,false,false,writable,verified_live_read_only
2,2026-08-14,Deals,Standard,Standard__s,active,default_create,5,Business Case,Contract_Information,2,1,1,Monthly Inbound Calls,Monthly Inbound Calls,Monthly_Inbound_Calls,integer,none,optional,false,false,writable,verified_live_read_only
2,2026-08-14,Deals,Standard,Standard__s,active,default_create,5,Business Case,Contract_Information,2,2,2,Est Unanswered Call Rate,Est Unanswered Call Rate,Estimated_Unanswered_Call_Rate,percent,none,optional,false,false,writable,verified_live_read_only
2,2026-08-14,Deals,Standard,Standard__s,active,default_create,5,Business Case,Contract_Information,2,3,3,After Hours Call Share,After Hours Call Share,After_Hours_Call_Share,percent,none,optional,false,false,writable,verified_live_read_only
2,2026-08-14,Deals,Standard,Standard__s,active,default_create,5,Business Case,Contract_Information,2,4,4,Average Job Value,Average Job Value,Average_Job_Value,currency,none,optional,false,false,writable,verified_live_read_only
2,2026-08-14,Deals,Standard,Standard__s,active,default_create,5,Business Case,Contract_Information,2,5,5,Monthly Answering Cost,Monthly Answering Cost,Current_Monthly_Answering_Cost,currency,none,optional,false,false,writable,verified_live_read_only
2,2026-08-14,Deals,Standard,Standard__s,active,default_create,5,Business Case,Contract_Information,2,6,6,Est Missed Opportunity,Est Missed Opportunity,Estimated_Monthly_Missed_Opportunity,currency,none,optional,false,false,writable,verified_live_read_only
2,2026-08-14,Deals,Standard,Standard__s,active,default_create,6,Pilot Scope and Outcome,Pilot_Scope_and_Outcome,2,1,1,Pilot Scope,Pilot Scope,Pilot_Scope,textarea,none,optional,false,false,writable,verified_live_read_only
2,2026-08-14,Deals,Standard,Standard__s,active,default_create,6,Pilot Scope and Outcome,Pilot_Scope_and_Outcome,2,2,2,Pilot Success Criteria,Pilot Success Criteria,Pilot_Success_Criteria,textarea,none,optional,false,false,writable,verified_live_read_only
2,2026-08-14,Deals,Standard,Standard__s,active,default_create,6,Pilot Scope and Outcome,Pilot_Scope_and_Outcome,2,3,3,Target Start Date,Target Start Date,Target_Start_Date,date,none,optional,false,false,writable,verified_live_read_only
2,2026-08-14,Deals,Standard,Standard__s,active,default_create,6,Pilot Scope and Outcome,Pilot_Scope_and_Outcome,2,4,4,Pilot Outcome,Pilot Outcome,Pilot_Outcome,picklist,none,optional,false,false,writable,verified_live_read_only
2,2026-08-14,Deals,Standard,Standard__s,active,default_create,6,Pilot Scope and Outcome,Pilot_Scope_and_Outcome,2,5,5,Pilot Outcome Notes,Pilot Outcome Notes,Pilot_Outcome_Notes,textarea,none,optional,false,false,writable,verified_live_read_only
2,2026-08-14,Deals,Standard,Standard__s,active,default_create,7,Commercial Terms,Offer_And_Pricing,2,1,1,Amount,Amount,Amount,currency,none,optional,false,false,writable,verified_live_read_only
2,2026-08-14,Deals,Standard,Standard__s,active,default_create,7,Commercial Terms,Offer_And_Pricing,2,2,2,Setup Fee,Setup Fee,Setup_Fee,currency,none,optional,false,false,writable,verified_live_read_only
2,2026-08-14,Deals,Standard,Standard__s,active,default_create,7,Commercial Terms,Offer_And_Pricing,2,3,3,Monthly Recurring Revenue,Monthly Recurring Revenue,Monthly_Recurring_Revenue,currency,none,optional,false,false,writable,verified_live_read_only
2,2026-08-14,Deals,Standard,Standard__s,active,default_create,7,Commercial Terms,Offer_And_Pricing,2,4,4,Service Line,Service Line,Service,picklist,none,optional,false,false,writable,verified_live_read_only
2,2026-08-14,Deals,Standard,Standard__s,active,default_create,7,Commercial Terms,Offer_And_Pricing,2,5,5,Plan,Plan,Plan,picklist,none,optional,false,false,writable,verified_live_read_only
2,2026-08-14,Deals,Standard,Standard__s,active,default_create,8,Next Action and Notes,Activity_Notes,2,1,1,Next Action,Next Action,Next_Steps,picklist,none,optional,false,false,writable,verified_live_read_only
2,2026-08-14,Deals,Standard,Standard__s,active,default_create,8,Next Action and Notes,Activity_Notes,2,2,2,Description,Description,Description,textarea,none,optional,false,false,writable,verified_live_read_only
2,2026-08-14,Deals,Standard,Standard__s,active,default_create,8,Next Action and Notes,Activity_Notes,2,3,3,Lead Source,Lead Source,Lead_Source,picklist,none,optional,false,false,writable,verified_live_read_only
2,2026-08-14,Deals,Standard,Standard__s,active,default_create,9,Loss Details,Loss_Handling,2,1,1,Reason For Loss,Reason For Loss,Reason_For_Loss__s,picklist,none,optional,false,false,writable,verified_live_read_only
2,2026-08-14,Deals,Standard,Standard__s,active,default_create,10,Free Test Request,Free_Test_Request,2,1,1,Entry Offer,Entry Offer,Entry_Offer,picklist,none,optional,false,false,writable,verified_live_read_only
2,2026-08-14,Deals,Standard,Standard__s,active,default_create,10,Free Test Request,Free_Test_Request,2,2,2,Submission Channel,Submission Channel,Submission_Channel,picklist,none,optional,false,false,writable,verified_live_read_only
2,2026-08-14,Deals,Standard,Standard__s,active,default_create,10,Free Test Request,Free_Test_Request,2,3,3,Requested Test Route,Requested Test Route,Requested_Test_Route,picklist,none,optional,false,false,writable,verified_live_read_only
2,2026-08-14,Deals,Standard,Standard__s,active,default_create,10,Free Test Request,Free_Test_Request,2,4,4,Free Test Request Submitted At,Free Test Request Submitted At,Free_Test_Request_Submitted_At,datetime,none,optional,false,false,writable,verified_live_read_only
2,2026-08-14,Deals,Standard,Standard__s,active,default_create,10,Free Test Request,Free_Test_Request,2,5,5,Intake Submission ID,Intake Submission ID,Intake_Submission_ID,text,none,optional,false,false,writable,verified_live_read_only
2,2026-08-14,Deals,Standard,Standard__s,active,default_create,10,Free Test Request,Free_Test_Request,2,6,6,Free Test Request Notes,Free Test Request Notes,Free_Test_Request_Notes,textarea,none,optional,false,false,writable,verified_live_read_only
2,2026-08-14,Deals,Standard,Standard__s,active,default_create,11,Free Test Setup,Free_Test_Setup,2,1,1,Approved Test Route,Approved Test Route,Approved_Test_Route,picklist,none,optional,false,false,writable,verified_live_read_only
2,2026-08-14,Deals,Standard,Standard__s,active,default_create,11,Free Test Setup,Free_Test_Setup,2,2,2,Test Phone Number,Test Phone Number,Test_Phone_Number,phone,none,optional,false,false,writable,verified_live_read_only
2,2026-08-14,Deals,Standard,Standard__s,active,default_create,11,Free Test Setup,Free_Test_Setup,2,3,3,No-Answer Delay,No-Answer Delay,No_Answer_Delay,picklist,none,optional,false,false,writable,verified_live_read_only
2,2026-08-14,Deals,Standard,Standard__s,active,default_create,11,Free Test Setup,Free_Test_Setup,2,4,4,Test Duration Days,Test Duration Days,Test_Duration_Days,integer,none,optional,false,false,writable,verified_live_read_only
2,2026-08-14,Deals,Standard,Standard__s,active,default_create,11,Free Test Setup,Free_Test_Setup,2,5,5,Test Call Limit,Test Call Limit,Test_Call_Limit,integer,none,optional,false,false,writable,verified_live_read_only
2,2026-08-14,Deals,Standard,Standard__s,active,default_create,11,Free Test Setup,Free_Test_Setup,2,6,6,Forwarding Administrator Name,Forwarding Administrator Name,Forwarding_Administrator_Name,text,none,optional,false,false,writable,verified_live_read_only
2,2026-08-14,Deals,Standard,Standard__s,active,default_create,11,Free Test Setup,Free_Test_Setup,2,7,7,Forwarding Administrator Mobile,Forwarding Administrator Mobile,Forwarding_Administrator_Mobile,phone,none,optional,false,false,writable,verified_live_read_only
2,2026-08-14,Deals,Standard,Standard__s,active,default_create,11,Free Test Setup,Free_Test_Setup,2,8,8,Approved Fallback Destination,Approved Fallback Destination,Approved_Fallback_Destination,picklist,none,optional,false,false,writable,verified_live_read_only
2,2026-08-14,Deals,Standard,Standard__s,active,default_create,11,Free Test Setup,Free_Test_Setup,2,9,9,Approved Fallback Number,Approved Fallback Number,Approved_Fallback_Number,phone,none,optional,false,false,writable,verified_live_read_only
2,2026-08-14,Deals,Standard,Standard__s,active,default_create,11,Free Test Setup,Free_Test_Setup,2,10,10,Rollback Contact Name,Rollback Contact Name,Rollback_Contact_Name,text,none,optional,false,false,writable,verified_live_read_only
2,2026-08-14,Deals,Standard,Standard__s,active,default_create,11,Free Test Setup,Free_Test_Setup,2,11,11,Rollback Contact Mobile,Rollback Contact Mobile,Rollback_Contact_Mobile,phone,none,optional,false,false,writable,verified_live_read_only
2,2026-08-14,Deals,Standard,Standard__s,active,default_create,11,Free Test Setup,Free_Test_Setup,2,12,12,Urgent Call Handling,Urgent Call Handling,Urgent_Call_Handling,picklist,none,optional,false,false,writable,verified_live_read_only
2,2026-08-14,Deals,Standard,Standard__s,active,default_create,11,Free Test Setup,Free_Test_Setup,2,13,13,Existing-Customer Call Handling,Existing-Customer Call Handling,Existing_Customer_Call_Handling,picklist,none,optional,false,false,writable,verified_live_read_only
2,2026-08-14,Deals,Standard,Standard__s,active,default_create,11,Free Test Setup,Free_Test_Setup,2,14,14,Alert Recipient Name,Alert Recipient Name,Alert_Recipient_Name,text,none,optional,false,false,writable,verified_live_read_only
2,2026-08-14,Deals,Standard,Standard__s,active,default_create,11,Free Test Setup,Free_Test_Setup,2,15,15,Alert Recipient Mobile,Alert Recipient Mobile,Alert_Recipient_Mobile,phone,none,optional,false,false,writable,verified_live_read_only
2,2026-08-14,Deals,Standard,Standard__s,active,default_create,11,Free Test Setup,Free_Test_Setup,2,16,16,Alert Recipient Email,Alert Recipient Email,Alert_Recipient_Email,email,none,optional,false,false,writable,verified_live_read_only
2,2026-08-14,Deals,Standard,Standard__s,active,default_create,11,Free Test Setup,Free_Test_Setup,2,17,17,Authorized Representative Confirmed,Authorized Representative Confirmed,Authorized_Representative_Confirmed,boolean,configured,optional,false,false,writable,verified_live_read_only
2,2026-08-14,Deals,Standard,Standard__s,active,default_create,11,Free Test Setup,Free_Test_Setup,2,18,18,Authority Confirmed At,Authority Confirmed At,Authority_Confirmed_At,datetime,none,optional,false,false,writable,verified_live_read_only
2,2026-08-14,Deals,Standard,Standard__s,active,default_create,11,Free Test Setup,Free_Test_Setup,2,19,19,Test Scope Accepted,Test Scope Accepted,Test_Scope_Accepted,boolean,configured,optional,false,false,writable,verified_live_read_only
2,2026-08-14,Deals,Standard,Standard__s,active,default_create,11,Free Test Setup,Free_Test_Setup,2,20,20,Test Scope Accepted At,Test Scope Accepted At,Test_Scope_Accepted_At,datetime,none,optional,false,false,writable,verified_live_read_only
2,2026-08-14,Deals,Standard,Standard__s,active,default_create,11,Free Test Setup,Free_Test_Setup,2,21,21,Test Scope Version,Test Scope Version,Test_Scope_Version,text,none,optional,false,false,writable,verified_live_read_only
2,2026-08-14,Deals,Standard,Standard__s,active,default_create,11,Free Test Setup,Free_Test_Setup,2,22,22,Setup Form Submission ID,Setup Form Submission ID,Setup_Form_Submission_ID,text,none,optional,false,false,writable,verified_live_read_only
2,2026-08-14,Deals,Standard,Standard__s,active,default_create,11,Free Test Setup,Free_Test_Setup,2,23,23,Setup Form Version,Setup Form Version,Setup_Form_Version,text,none,optional,false,false,writable,verified_live_read_only
2,2026-08-14,Deals,Standard,Standard__s,active,default_create,11,Free Test Setup,Free_Test_Setup,2,24,24,Setup Form Submitted At,Setup Form Submitted At,Setup_Form_Submitted_At,datetime,none,optional,false,false,writable,verified_live_read_only
2,2026-08-14,Deals,Standard,Standard__s,active,default_create,12,Free Test Control & Authorization,Free_Test_Control_Authorization,2,1,1,Setup Access Status,Setup Access Status,Setup_Access_Status,picklist,none,optional,false,false,writable,verified_live_read_only
2,2026-08-14,Deals,Standard,Standard__s,active,default_create,12,Free Test Control & Authorization,Free_Test_Control_Authorization,2,2,2,Setup Access Issued At,Setup Access Issued At,Setup_Access_Issued_At,datetime,none,optional,false,false,writable,verified_live_read_only
2,2026-08-14,Deals,Standard,Standard__s,active,default_create,12,Free Test Control & Authorization,Free_Test_Control_Authorization,2,3,3,Setup Access Verified At,Setup Access Verified At,Setup_Access_Verified_At,datetime,none,optional,false,false,writable,verified_live_read_only
2,2026-08-14,Deals,Standard,Standard__s,active,default_create,12,Free Test Control & Authorization,Free_Test_Control_Authorization,2,4,4,Free Test Authorization Status,Free Test Authorization Status,Free_Test_Authorization_Status,picklist,none,optional,false,false,writable,verified_live_read_only
2,2026-08-14,Deals,Standard,Standard__s,active,default_create,12,Free Test Control & Authorization,Free_Test_Control_Authorization,2,5,5,Authorization Signed At,Authorization Signed At,Authorization_Signed_At,datetime,none,optional,false,false,writable,verified_live_read_only
2,2026-08-14,Deals,Standard,Standard__s,active,default_create,12,Free Test Control & Authorization,Free_Test_Control_Authorization,2,6,6,Go-Live Approval Status,Go-Live Approval Status,Go_Live_Approval_Status,picklist,none,optional,false,false,writable,verified_live_read_only
2,2026-08-14,Deals,Standard,Standard__s,active,default_create,12,Free Test Control & Authorization,Free_Test_Control_Authorization,2,7,7,Go-Live Approved At,Go-Live Approved At,Go_Live_Approved_At,datetime,none,optional,false,false,writable,verified_live_read_only
2,2026-08-14,Deals,Standard,Standard__s,active,default_create,12,Free Test Control & Authorization,Free_Test_Control_Authorization,2,8,8,Test Status,Test Status,Test_Status,picklist,none,optional,false,false,writable,verified_live_read_only
2,2026-08-14,Deals,Standard,Standard__s,active,default_create,12,Free Test Control & Authorization,Free_Test_Control_Authorization,2,9,9,Test Start At,Test Start At,Test_Start_At,datetime,none,optional,false,false,writable,verified_live_read_only
2,2026-08-14,Deals,Standard,Standard__s,active,default_create,12,Free Test Control & Authorization,Free_Test_Control_Authorization,2,10,10,Test End At,Test End At,Test_End_At,datetime,none,optional,false,false,writable,verified_live_read_only
2,2026-08-14,Deals,Standard,Standard__s,active,default_create,12,Free Test Control & Authorization,Free_Test_Control_Authorization,2,11,11,Test End Reason,Test End Reason,Test_End_Reason,picklist,none,optional,false,false,writable,verified_live_read_only
2,2026-08-14,Deals,Standard,Standard__s,active,default_create,12,Free Test Control & Authorization,Free_Test_Control_Authorization,2,12,12,Rollback Completed At,Rollback Completed At,Rollback_Completed_At,datetime,none,optional,false,false,writable,verified_live_read_only
2,2026-08-14,Deals,Standard,Standard__s,active,default_create,13,Free Test Results,Free_Test_Results,2,1,1,Test Calls Reaching Route,Test Calls Reaching Route,Test_Calls_Reaching_Route,integer,none,optional,false,false,writable,verified_live_read_only
2,2026-08-14,Deals,Standard,Standard__s,active,default_create,13,Free Test Results,Free_Test_Results,2,2,2,Test New-Service Inquiries,Test New-Service Inquiries,Test_New_Service_Inquiries,integer,none,optional,false,false,writable,verified_live_read_only
2,2026-08-14,Deals,Standard,Standard__s,active,default_create,13,Free Test Results,Free_Test_Results,2,3,3,Test Existing-Customer Calls,Test Existing-Customer Calls,Test_Existing_Customer_Calls,integer,none,optional,false,false,writable,verified_live_read_only
2,2026-08-14,Deals,Standard,Standard__s,active,default_create,13,Free Test Results,Free_Test_Results,2,4,4,Test Urgent or Person-Requested Calls,Test Urgent or Person-Requested Calls,Test_Urgent_or_Person_Requested_Calls,integer,none,optional,false,false,writable,verified_live_read_only
2,2026-08-14,Deals,Standard,Standard__s,active,default_create,13,Free Test Results,Free_Test_Results,2,5,5,Test Callback Requests,Test Callback Requests,Test_Callback_Requests,integer,none,optional,false,false,writable,verified_live_read_only
2,2026-08-14,Deals,Standard,Standard__s,active,default_create,13,Free Test Results,Free_Test_Results,2,6,6,Test Qualified Opportunities,Test Qualified Opportunities,Test_Qualified_Opportunities,integer,none,optional,false,false,writable,verified_live_read_only
2,2026-08-14,Deals,Standard,Standard__s,active,default_create,13,Free Test Results,Free_Test_Results,2,7,7,Test Company-Confirmed Outcomes,Test Company-Confirmed Outcomes,Test_Company_Confirmed_Outcomes,integer,none,optional,false,false,writable,verified_live_read_only
2,2026-08-14,Deals,Standard,Standard__s,active,default_create,13,Free Test Results,Free_Test_Results,2,8,8,Test Company-Confirmed Value,Test Company-Confirmed Value,Test_Company_Confirmed_Value,currency,none,optional,false,false,writable,verified_live_read_only
2,2026-08-14,Deals,Standard,Standard__s,active,default_create,13,Free Test Results,Free_Test_Results,2,9,9,Results Review At,Results Review At,Results_Review_At,datetime,none,optional,false,false,writable,verified_live_read_only
2,2026-08-14,Deals,Standard,Standard__s,active,default_create,14,System Information,System,2,1,1,Billing Customer ID,Billing Customer ID,Billing_Customer_ID,text,none,optional,false,false,writable,verified_live_read_only
2,2026-08-14,Deals,Standard,Standard__s,active,default_create,14,System Information,System,2,2,2,Created By,Created By,Created_By,ownerlookup,none,optional,false,false,read_only,verified_live_read_only
2,2026-08-14,Deals,Standard,Standard__s,active,default_create,14,System Information,System,2,4,3,Modified By,Modified By,Modified_By,ownerlookup,none,optional,false,false,read_only,verified_live_read_only
2,2026-08-14,Deals,Standard,Standard__s,active,default_create,14,System Information,System,2,5,4,Social Lead ID,Social Lead ID,leadchain0__Social_Lead_ID,text,none,optional,false,false,writable,verified_live_read_only
2,2026-08-14,Deals,Standard,Standard__s,active,default_create,14,System Information,System,2,6,5,Expected Revenue,Expected Revenue,Expected_Revenue,currency,none,optional,true,true,read_only,verified_live_read_only
2,2026-08-14,Deals,Standard,Standard__s,active,default_create,14,System Information,System,2,8,6,Probability,Probability,Probability,integer,none,optional,false,false,writable,verified_live_read_only
2,2026-08-14,Deals,Standard,Standard__s,active,default_create,14,System Information,System,2,10,7,Created Time,Created Time,Created_Time,datetime,none,optional,false,false,read_only,verified_live_read_only
2,2026-08-14,Deals,Standard,Standard__s,active,default_create,14,System Information,System,2,12,8,Modified Time,Modified Time,Modified_Time,datetime,none,optional,false,false,read_only,verified_live_read_only
2,2026-08-14,Deals,Standard,Standard__s,active,default_create,14,System Information,System,2,30,9,Stage Modified Time,Stage Modified Time,Stage_Modified_Time,datetime,none,optional,false,true,writable,verified_live_read_only
2,2026-08-14,Deals,Standard,Standard__s,active,default_create,14,System Information,System,2,32,10,Sales Cycle Duration,Sales Cycle Duration,Sales_Cycle_Duration,integer,none,optional,false,true,read_only,verified_live_read_only
2,2026-08-14,Deals,Standard,Standard__s,active,default_create,14,System Information,System,2,33,11,Lead Conversion Time,Lead Conversion Time,Lead_Conversion_Time,integer,none,optional,false,true,read_only,verified_live_read_only
2,2026-08-14,Deals,Standard,Standard__s,active,default_create,14,System Information,System,2,34,12,Overall Sales Duration,Overall Sales Duration,Overall_Sales_Duration,integer,none,optional,false,true,read_only,verified_live_read_only
2,2026-08-14,Deals,Standard,Standard__s,active,business_card,1000,Business Card,Business_Card__s,1,1,1,Deal Name,Potential Name,Deal_Name,text,none,required,false,false,writable,verified_live_read_only
2,2026-08-14,Deals,Standard,Standard__s,active,business_card,1000,Business Card,Business_Card__s,1,2,2,Amount,Amount,Amount,currency,none,optional,false,false,writable,verified_live_read_only
2,2026-08-14,Deals,Standard,Standard__s,active,business_card,1000,Business Card,Business_Card__s,1,3,3,Deal Owner,Potential Owner,Owner,ownerlookup,none,optional,false,true,writable,verified_live_read_only
2,2026-08-14,Deals,Standard,Standard__s,active,business_card,1000,Business Card,Business_Card__s,1,4,4,Stage,Stage,Stage,picklist,none,required,false,false,writable,verified_live_read_only
2,2026-08-14,Deals,Standard,Standard__s,active,business_card,1000,Business Card,Business_Card__s,1,5,5,Closing Date,Closing Date,Closing_Date,date,none,required,false,false,writable,verified_live_read_only
2,2026-08-14,Deals,Standard,Standard__s,active,quick_create,1000,Quick Create,Quick_Create__s,1,1,1,Deal Name,Potential Name,Deal_Name,text,none,required,false,false,writable,verified_live_read_only
2,2026-08-14,Deals,Standard,Standard__s,active,quick_create,1000,Quick Create,Quick_Create__s,1,2,2,Closing Date,Closing Date,Closing_Date,date,none,required,false,false,writable,verified_live_read_only
2,2026-08-14,Deals,Standard,Standard__s,active,quick_create,1000,Quick Create,Quick_Create__s,1,3,3,Stage,Stage,Stage,picklist,none,required,false,false,writable,verified_live_read_only
2,2026-08-14,Deals,Standard,Standard__s,active,quick_create,1000,Quick Create,Quick_Create__s,1,4,4,Contact Name,Contact Name,Contact_Name,lookup,none,required,false,false,writable,verified_live_read_only
2,2026-08-14,Deals,Standard,Standard__s,active,quick_create,1000,Quick Create,Quick_Create__s,1,5,5,Account Name,Account Name,Account_Name,lookup,none,required,false,false,writable,verified_live_read_only
2,2026-08-14,Deals,Standard,Standard__s,active,quick_create,1000,Quick Create,Quick_Create__s,1,6,6,Pipeline,Pipeline,Pipeline,picklist,configured,required,false,false,writable,verified_live_read_only
