schema_version,snapshot_date,module_label,module_api_name,field_label,field_display_label,field_api_name,data_type,json_type,origin_status,usage_status,visible_status,write_status,read_only_status,field_read_only_status,api_create_status,api_update_status,system_required_status,standard_layout_required_status,unique_status,encryption_status,personal_designation_status,virtual_status,length,decimal_places,history_tracking_status,external_field_status,searchable_status,filterable_status,sortable_status,help_text_status,picklist_value_count,picklist_options_status,metadata_verification_status
2,2026-08-14,Leads,Leads,Address,Address,Address,textarea,string,custom,used,true,read_only,true,true,false,false,optional,optional,not_unique,not_encrypted,not_exposed_by_fields_api,virtual,2000,,unknown,unknown,unknown,unknown,unknown,missing_or_not_exposed,0,not_applicable,verified_live_read_only
2,2026-08-14,Leads,Leads,Address - City,Address - City,Address_City,text,string,custom,used,true,writable,false,false,true,true,optional,optional,not_unique,not_encrypted,not_exposed_by_fields_api,concrete,255,,unknown,unknown,unknown,unknown,unknown,missing_or_not_exposed,0,not_applicable,verified_live_read_only
2,2026-08-14,Leads,Leads,Address - Coordinates,Address - Coordinates,Address_Coordinates,textarea,string,custom,used,true,read_only,true,true,false,false,optional,optional,not_unique,not_encrypted,not_exposed_by_fields_api,virtual,255,,unknown,unknown,unknown,unknown,unknown,missing_or_not_exposed,0,not_applicable,verified_live_read_only
2,2026-08-14,Leads,Leads,Address - Latitude,Address - Latitude,Address_Coordinates_Latitude,double,double,custom,used,true,writable,false,false,true,true,optional,optional,not_unique,not_encrypted,not_exposed_by_fields_api,concrete,50,9,unknown,unknown,unknown,unknown,unknown,missing_or_not_exposed,0,not_applicable,verified_live_read_only
2,2026-08-14,Leads,Leads,Address - Longitude,Address - Longitude,Address_Coordinates_Longitude,double,double,custom,used,true,writable,false,false,true,true,optional,optional,not_unique,not_encrypted,not_exposed_by_fields_api,concrete,50,9,unknown,unknown,unknown,unknown,unknown,missing_or_not_exposed,0,not_applicable,verified_live_read_only
2,2026-08-14,Leads,Leads,Address - Country / Region,Address - Country / Region,Address_Country_Region,picklist,string,custom,used,true,writable,false,false,true,true,optional,optional,not_unique,not_encrypted,not_exposed_by_fields_api,concrete,120,,unknown,unknown,unknown,unknown,unknown,missing_or_not_exposed,248,omitted_vendor_managed_high_cardinality_standard_set,verified_live_read_only
2,2026-08-14,Leads,Leads,Address - Flat / House No./ Building / Apartment Name,Address - Flat / House No./ Building / Apartment Name,Address_Flat_House_No_Building_Apartment_Name,text,string,custom,used,true,writable,false,false,true,true,optional,optional,not_unique,not_encrypted,not_exposed_by_fields_api,concrete,255,,unknown,unknown,unknown,unknown,unknown,missing_or_not_exposed,0,not_applicable,verified_live_read_only
2,2026-08-14,Leads,Leads,Address - State / Province,Address - State / Province,Address_State_Province,picklist,string,custom,used,true,writable,false,false,true,true,optional,optional,not_unique,not_encrypted,not_exposed_by_fields_api,concrete,120,,unknown,unknown,unknown,unknown,unknown,missing_or_not_exposed,3937,omitted_vendor_managed_high_cardinality_standard_set,verified_live_read_only
2,2026-08-14,Leads,Leads,Address - Street Address,Address - Street Address,Address_Street_Address,text,string,custom,used,true,writable,false,false,true,true,optional,optional,not_unique,not_encrypted,not_exposed_by_fields_api,concrete,255,,unknown,unknown,unknown,unknown,unknown,missing_or_not_exposed,0,not_applicable,verified_live_read_only
2,2026-08-14,Leads,Leads,Address - Zip / Postal Code,Address - Zip / Postal Code,Address_Zip_Postal_Code,text,string,custom,used,true,writable,false,false,true,true,optional,optional,not_unique,not_encrypted,not_exposed_by_fields_api,concrete,255,,unknown,unknown,unknown,unknown,unknown,missing_or_not_exposed,0,not_applicable,verified_live_read_only
2,2026-08-14,Leads,Leads,After-Hours Audit At,After-Hours Audit At,After_Hours_Audit_At,datetime,string,custom,used,true,writable,false,false,true,true,optional,optional,not_unique,not_encrypted,not_exposed_by_fields_api,concrete,120,,unknown,unknown,unknown,unknown,unknown,present,0,not_applicable,verified_live_read_only
2,2026-08-14,Leads,Leads,After-Hours Audit Notes,After-Hours Audit Notes,After_Hours_Audit_Notes,textarea,string,custom,used,true,writable,false,false,true,true,optional,optional,not_unique,not_encrypted,not_exposed_by_fields_api,concrete,2000,,unknown,unknown,unknown,unknown,unknown,present,0,not_applicable,verified_live_read_only
2,2026-08-14,Leads,Leads,After-Hours Audit Outcome,After-Hours Audit Outcome,After_Hours_Audit_Outcome,picklist,string,custom,used,true,writable,false,false,true,true,optional,optional,not_unique,not_encrypted,not_exposed_by_fields_api,concrete,120,,unknown,unknown,unknown,unknown,unknown,present,8,captured,verified_live_read_only
2,2026-08-14,Leads,Leads,After-Hours Call Band,After-Hours Call Band,After_Hours_Call_Band,picklist,string,custom,used,true,writable,false,false,true,true,optional,optional,not_unique,not_encrypted,not_exposed_by_fields_api,concrete,120,,unknown,unknown,unknown,unknown,unknown,present,7,omitted_private_qualification_threshold_values,verified_live_read_only
2,2026-08-14,Leads,Leads,Annual Revenue,Annual Revenue,Annual_Revenue,currency,double,system,used,true,writable,false,false,true,true,optional,optional,not_unique,not_encrypted,not_exposed_by_fields_api,concrete,16,2,unknown,unknown,unknown,unknown,unknown,present,0,not_applicable,verified_live_read_only
2,2026-08-14,Leads,Leads,Average Job Value Band,Average Job Value Band,Average_Job_Value_Band,picklist,string,custom,used,true,writable,false,false,true,true,optional,optional,not_unique,not_encrypted,not_exposed_by_fields_api,concrete,120,,unknown,unknown,unknown,unknown,unknown,present,7,omitted_private_qualification_threshold_values,verified_live_read_only
2,2026-08-14,Leads,Leads,Average Time Spent (Minutes),Average Time Spent (Minutes),Average_Time_Spent_Minutes,double,double,system,used,true,writable,false,true,true,true,optional,optional,not_unique,not_encrypted,not_exposed_by_fields_api,concrete,16,2,unknown,unknown,unknown,unknown,unknown,missing_or_not_exposed,0,not_applicable,verified_live_read_only
2,2026-08-14,Leads,Leads,Commercial Fit,Commercial Fit,Budget_Fit,picklist,string,custom,used,true,writable,false,false,true,true,optional,optional,not_unique,not_encrypted,not_exposed_by_fields_api,concrete,120,,unknown,unknown,unknown,unknown,unknown,present,5,captured,verified_live_read_only
2,2026-08-14,Leads,Leads,Change Log Time,Change Log Time,Change_Log_Time__s,datetime,string,system,used,true,read_only,true,true,false,false,optional,optional,not_unique,not_encrypted,not_exposed_by_fields_api,concrete,120,,unknown,unknown,unknown,unknown,unknown,missing_or_not_exposed,0,not_applicable,verified_live_read_only
2,2026-08-14,Leads,Leads,City,City,City,text,string,system,unused,true,writable,false,false,true,true,optional,not_present,not_unique,not_encrypted,not_exposed_by_fields_api,concrete,100,,unknown,unknown,unknown,unknown,unknown,missing_or_not_exposed,0,not_applicable,verified_live_read_only
2,2026-08-14,Leads,Leads,Company,Company,Company,text,string,system,used,true,writable,false,false,true,true,optional,required,not_unique,not_encrypted,not_exposed_by_fields_api,concrete,200,,unknown,unknown,unknown,unknown,unknown,present,0,not_applicable,verified_live_read_only
2,2026-08-14,Leads,Leads,Company Email,Company Email,Company_Email,email,string,custom,used,true,writable,false,false,true,true,optional,optional,not_unique,not_encrypted,not_exposed_by_fields_api,concrete,100,,unknown,unknown,unknown,unknown,unknown,present,0,not_applicable,verified_live_read_only
2,2026-08-14,Leads,Leads,Company LinkedIn,Company LinkedIn,Company_LinkedIn,website,string,custom,used,true,writable,false,false,true,true,optional,optional,not_unique,not_encrypted,not_exposed_by_fields_api,concrete,450,,unknown,unknown,unknown,unknown,unknown,missing_or_not_exposed,0,not_applicable,verified_live_read_only
2,2026-08-14,Leads,Leads,Contact Location Link,Contact Location Link,Contact_Location_Relationship,picklist,string,custom,used,true,writable,false,false,true,true,optional,optional,not_unique,not_encrypted,not_exposed_by_fields_api,concrete,120,,unknown,unknown,unknown,unknown,unknown,present,5,captured,verified_live_read_only
2,2026-08-14,Leads,Leads,Contact Source URL,Contact Source URL,Contact_Source_URL,website,string,custom,used,true,writable,false,false,true,true,optional,optional,not_unique,not_encrypted,not_exposed_by_fields_api,concrete,450,,unknown,unknown,unknown,unknown,unknown,present,0,not_applicable,verified_live_read_only
2,2026-08-14,Leads,Leads,Contact Verification,Contact Verification,Contact_Verification_Status,picklist,string,custom,used,true,writable,false,false,true,true,optional,optional,not_unique,not_encrypted,not_exposed_by_fields_api,concrete,120,,unknown,unknown,unknown,unknown,unknown,present,6,captured,verified_live_read_only
2,2026-08-14,Leads,Leads,Contact Verified At,Contact Verified At,Contact_Verified_At,datetime,string,custom,used,true,writable,false,false,true,true,optional,optional,not_unique,not_encrypted,not_exposed_by_fields_api,concrete,120,,unknown,unknown,unknown,unknown,unknown,present,0,not_applicable,verified_live_read_only
2,2026-08-14,Leads,Leads,Is Converted,Is Converted,Converted__s,boolean,boolean,system,used,true,read_only,true,true,false,false,optional,optional,not_unique,not_encrypted,not_exposed_by_fields_api,concrete,5,,unknown,unknown,unknown,unknown,unknown,missing_or_not_exposed,0,not_applicable,verified_live_read_only
2,2026-08-14,Leads,Leads,Converted Account,Converted Account,Converted_Account,lookup,jsonobject,system,used,true,read_only,true,true,false,false,optional,optional,not_unique,not_encrypted,not_exposed_by_fields_api,concrete,120,,unknown,unknown,unknown,unknown,unknown,missing_or_not_exposed,0,not_applicable,verified_live_read_only
2,2026-08-14,Leads,Leads,Converted Contact,Converted Contact,Converted_Contact,lookup,jsonobject,system,used,true,read_only,true,true,false,false,optional,optional,not_unique,not_encrypted,not_exposed_by_fields_api,concrete,120,,unknown,unknown,unknown,unknown,unknown,missing_or_not_exposed,0,not_applicable,verified_live_read_only
2,2026-08-14,Leads,Leads,Converted Date Time,Converted Date Time,Converted_Date_Time,datetime,string,system,used,true,read_only,false,false,false,false,optional,optional,not_unique,not_encrypted,not_exposed_by_fields_api,concrete,120,,unknown,unknown,unknown,unknown,unknown,missing_or_not_exposed,0,not_applicable,verified_live_read_only
2,2026-08-14,Leads,Leads,Converted Deal,Converted Deal,Converted_Deal,lookup,jsonobject,system,used,true,read_only,true,true,false,false,optional,optional,not_unique,not_encrypted,not_exposed_by_fields_api,concrete,120,,unknown,unknown,unknown,unknown,unknown,missing_or_not_exposed,0,not_applicable,verified_live_read_only
2,2026-08-14,Leads,Leads,Country,Country,Country,text,string,system,unused,true,writable,false,false,true,true,optional,not_present,not_unique,not_encrypted,not_exposed_by_fields_api,concrete,100,,unknown,unknown,unknown,unknown,unknown,missing_or_not_exposed,0,not_applicable,verified_live_read_only
2,2026-08-14,Leads,Leads,Coverage Needs,Coverage Needs,Coverage_Needs,multiselectpicklist,jsonarray,custom,used,true,writable,false,false,true,true,optional,optional,not_unique,not_encrypted,not_exposed_by_fields_api,concrete,1000,,unknown,unknown,unknown,unknown,unknown,present,8,captured,verified_live_read_only
2,2026-08-14,Leads,Leads,Created By,Created By,Created_By,ownerlookup,jsonobject,system,used,true,read_only,false,false,false,false,optional,optional,not_unique,not_encrypted,not_exposed_by_fields_api,concrete,120,,unknown,unknown,unknown,unknown,unknown,missing_or_not_exposed,0,not_applicable,verified_live_read_only
2,2026-08-14,Leads,Leads,Created Time,Created Time,Created_Time,datetime,string,system,used,true,read_only,false,false,false,false,optional,optional,not_unique,not_encrypted,not_exposed_by_fields_api,concrete,120,,unknown,unknown,unknown,unknown,unknown,missing_or_not_exposed,0,not_applicable,verified_live_read_only
2,2026-08-14,Leads,Leads,Current Call Handling,Current Call Handling,Current_Call_Handling,picklist,string,custom,used,true,writable,false,false,true,true,optional,optional,not_unique,not_encrypted,not_exposed_by_fields_api,concrete,120,,unknown,unknown,unknown,unknown,unknown,present,9,captured,verified_live_read_only
2,2026-08-14,Leads,Leads,Days Visited,Days Visited,Days_Visited,integer,integer,system,used,true,writable,false,true,true,true,optional,optional,not_unique,not_encrypted,not_exposed_by_fields_api,concrete,9,,unknown,unknown,unknown,unknown,unknown,missing_or_not_exposed,0,not_applicable,verified_live_read_only
2,2026-08-14,Leads,Leads,Decision Authority,Decision Authority,Decision_Authority,picklist,string,custom,used,true,writable,false,false,true,true,optional,optional,not_unique,not_encrypted,not_exposed_by_fields_api,concrete,120,,unknown,unknown,unknown,unknown,unknown,present,11,captured,verified_live_read_only
2,2026-08-14,Leads,Leads,Decision-Maker Role,Decision-Maker Role,Decision_Maker_Role,picklist,string,custom,used,true,writable,false,false,true,true,optional,optional,not_unique,not_encrypted,not_exposed_by_fields_api,concrete,120,,unknown,unknown,unknown,unknown,unknown,present,12,captured,verified_live_read_only
2,2026-08-14,Leads,Leads,Description,Description,Description,textarea,string,system,used,true,writable,false,false,true,true,optional,optional,not_unique,not_encrypted,not_exposed_by_fields_api,concrete,32000,,unknown,unknown,unknown,unknown,unknown,present,0,not_applicable,verified_live_read_only
2,2026-08-14,Leads,Leads,Contact Title,Contact Title,Designation,text,string,system,used,true,writable,false,false,true,true,optional,optional,not_unique,not_encrypted,not_exposed_by_fields_api,concrete,100,,unknown,unknown,unknown,unknown,unknown,present,0,not_applicable,verified_live_read_only
2,2026-08-14,Leads,Leads,Disqualification Reason,Disqualification Reason,Disqualification_Reason,picklist,string,custom,used,true,writable,false,false,true,true,optional,optional,not_unique,not_encrypted,not_exposed_by_fields_api,concrete,120,,unknown,unknown,unknown,unknown,unknown,present,10,captured,verified_live_read_only
2,2026-08-14,Leads,Leads,Distance to Anchor ZIP,Distance to Anchor ZIP,Distance_to_Anchor_ZIP,double,double,custom,used,true,writable,false,false,true,true,optional,optional,not_unique,not_encrypted,not_exposed_by_fields_api,concrete,16,1,unknown,unknown,unknown,unknown,unknown,present,0,not_applicable,verified_live_read_only
2,2026-08-14,Leads,Leads,Contact Email,Contact Email,Email,email,string,system,used,true,writable,false,false,true,true,optional,required,case_insensitive,not_encrypted,not_exposed_by_fields_api,concrete,100,,unknown,unknown,unknown,unknown,unknown,present,0,not_applicable,verified_live_read_only
2,2026-08-14,Leads,Leads,Email Opt Out,Email Opt Out,Email_Opt_Out,boolean,boolean,system,used,true,writable,false,false,true,true,optional,optional,not_unique,not_encrypted,not_exposed_by_fields_api,concrete,5,,unknown,unknown,unknown,unknown,unknown,present,0,not_applicable,verified_live_read_only
2,2026-08-14,Leads,Leads,Enrich Status,Enrich Status,Enrich_Status__s,picklist,string,system,used,true,read_only,true,true,false,false,optional,optional,not_unique,not_encrypted,not_exposed_by_fields_api,concrete,120,,unknown,unknown,unknown,unknown,unknown,present,3,captured,verified_live_read_only
2,2026-08-14,Leads,Leads,Entry Offer,Entry Offer,Entry_Offer,picklist,string,custom,used,true,writable,false,false,true,true,optional,optional,not_unique,not_encrypted,not_exposed_by_fields_api,concrete,120,,unknown,unknown,unknown,unknown,unknown,present,4,captured,verified_live_read_only
2,2026-08-14,Leads,Leads,Fax,Fax,Fax,text,string,system,unused,true,writable,false,false,true,true,optional,not_present,not_unique,not_encrypted,not_exposed_by_fields_api,concrete,30,,unknown,unknown,unknown,unknown,unknown,missing_or_not_exposed,0,not_applicable,verified_live_read_only
2,2026-08-14,Leads,Leads,Field Team Size Band,Field Team Size Band,Field_Team_Size_Band,picklist,string,custom,used,true,writable,false,false,true,true,optional,optional,not_unique,not_encrypted,not_exposed_by_fields_api,concrete,120,,unknown,unknown,unknown,unknown,unknown,present,15,omitted_private_qualification_threshold_values,verified_live_read_only
2,2026-08-14,Leads,Leads,First Name,First Name,First_Name,text,string,system,used,true,writable,false,false,true,true,optional,required,not_unique,not_encrypted,not_exposed_by_fields_api,concrete,40,,unknown,unknown,unknown,unknown,unknown,missing_or_not_exposed,0,not_applicable,verified_live_read_only
2,2026-08-14,Leads,Leads,First Visit,First Visited Time,First_Visited_Time,datetime,string,system,used,true,writable,false,true,true,true,optional,optional,not_unique,not_encrypted,not_exposed_by_fields_api,concrete,120,,unknown,unknown,unknown,unknown,unknown,missing_or_not_exposed,0,not_applicable,verified_live_read_only
2,2026-08-14,Leads,Leads,First Page Visited,First Visited URL,First_Visited_URL,website,string,system,used,true,writable,false,true,true,true,optional,optional,not_unique,not_encrypted,not_exposed_by_fields_api,concrete,3000,,unknown,unknown,unknown,unknown,unknown,missing_or_not_exposed,0,not_applicable,verified_live_read_only
2,2026-08-14,Leads,Leads,Free Test Contact Consent,Free Test Contact Consent,Free_Test_Contact_Consent,boolean,boolean,custom,used,true,writable,false,false,true,true,optional,optional,not_unique,not_encrypted,not_exposed_by_fields_api,concrete,5,,unknown,unknown,unknown,unknown,unknown,present,0,not_applicable,verified_live_read_only
2,2026-08-14,Leads,Leads,Free Test Contact Consent At,Free Test Contact Consent At,Free_Test_Contact_Consent_At,datetime,string,custom,used,true,writable,false,false,true,true,optional,optional,not_unique,not_encrypted,not_exposed_by_fields_api,concrete,120,,unknown,unknown,unknown,unknown,unknown,present,0,not_applicable,verified_live_read_only
2,2026-08-14,Leads,Leads,Free Test Contact Consent Version,Free Test Contact Consent Version,Free_Test_Contact_Consent_Version,text,string,custom,used,true,writable,false,false,true,true,optional,optional,not_unique,not_encrypted,not_exposed_by_fields_api,concrete,100,,unknown,unknown,unknown,unknown,unknown,present,0,not_applicable,verified_live_read_only
2,2026-08-14,Leads,Leads,Free Test Request Notes,Free Test Request Notes,Free_Test_Request_Notes,textarea,string,custom,used,true,writable,false,false,true,true,optional,optional,not_unique,not_encrypted,not_exposed_by_fields_api,concrete,2000,,unknown,unknown,unknown,unknown,unknown,present,0,not_applicable,verified_live_read_only
2,2026-08-14,Leads,Leads,Free Test Request Submitted At,Free Test Request Submitted At,Free_Test_Request_Submitted_At,datetime,string,custom,used,true,writable,false,false,true,true,optional,optional,not_unique,not_encrypted,not_exposed_by_fields_api,concrete,120,,unknown,unknown,unknown,unknown,unknown,present,0,not_applicable,verified_live_read_only
2,2026-08-14,Leads,Leads,Full Name,Full Name,Full_Name,text,string,system,used,true,read_only,false,false,false,false,optional,optional,not_unique,not_encrypted,not_exposed_by_fields_api,concrete,120,,unknown,unknown,unknown,unknown,unknown,missing_or_not_exposed,0,not_applicable,verified_live_read_only
2,2026-08-14,Leads,Leads,ICP Fit,ICP Fit,ICP_Fit,picklist,string,custom,used,true,writable,false,false,true,true,optional,optional,not_unique,not_encrypted,not_exposed_by_fields_api,concrete,120,,unknown,unknown,unknown,unknown,unknown,present,6,captured,verified_live_read_only
2,2026-08-14,Leads,Leads,Record Id,Record Id,id,bigint,string,system,used,true,read_only,true,true,false,false,optional,optional,not_unique,not_encrypted,not_exposed_by_fields_api,concrete,18,,unknown,unknown,unknown,unknown,unknown,missing_or_not_exposed,0,not_applicable,verified_live_read_only
2,2026-08-14,Leads,Leads,Industry,Industry,Industry,picklist,string,system,used,true,writable,false,false,true,true,optional,optional,not_unique,not_encrypted,not_exposed_by_fields_api,concrete,120,,unknown,unknown,unknown,unknown,unknown,present,29,captured,verified_live_read_only
2,2026-08-14,Leads,Leads,Intake Form Version,Intake Form Version,Intake_Form_Version,text,string,custom,used,true,writable,false,false,true,true,optional,optional,not_unique,not_encrypted,not_exposed_by_fields_api,concrete,100,,unknown,unknown,unknown,unknown,unknown,present,0,not_applicable,verified_live_read_only
2,2026-08-14,Leads,Leads,Intake Submission ID,Intake Submission ID,Intake_Submission_ID,text,string,custom,used,true,writable,false,false,true,true,optional,optional,case_insensitive,not_encrypted,not_exposed_by_fields_api,concrete,100,,unknown,unknown,unknown,unknown,unknown,present,0,not_applicable,verified_live_read_only
2,2026-08-14,Leads,Leads,Integration Readiness,Integration Readiness,Integration_Readiness,picklist,string,custom,used,true,writable,false,false,true,true,optional,optional,not_unique,not_encrypted,not_exposed_by_fields_api,concrete,120,,unknown,unknown,unknown,unknown,unknown,present,6,captured,verified_live_read_only
2,2026-08-14,Leads,Leads,Last Activity Time,Last Activity Time,Last_Activity_Time,datetime,string,system,used,true,read_only,false,true,false,false,optional,optional,not_unique,not_encrypted,not_exposed_by_fields_api,concrete,120,,unknown,unknown,unknown,unknown,unknown,present,0,not_applicable,verified_live_read_only
2,2026-08-14,Leads,Leads,Last Enriched Time,Last Enriched Time,Last_Enriched_Time__s,datetime,string,system,used,true,read_only,true,true,false,false,optional,optional,not_unique,not_encrypted,not_exposed_by_fields_api,concrete,120,,unknown,unknown,unknown,unknown,unknown,present,0,not_applicable,verified_live_read_only
2,2026-08-14,Leads,Leads,Last Name,Last Name,Last_Name,text,string,system,used,true,writable,false,false,true,true,required,required,not_unique,not_encrypted,not_exposed_by_fields_api,concrete,80,,unknown,unknown,unknown,unknown,unknown,missing_or_not_exposed,0,not_applicable,verified_live_read_only
2,2026-08-14,Leads,Leads,Last Outreach At,Last Outreach At,Last_Outreach_At,datetime,string,custom,used,true,writable,false,false,true,true,optional,optional,not_unique,not_encrypted,not_exposed_by_fields_api,concrete,120,,unknown,unknown,unknown,unknown,unknown,present,0,not_applicable,verified_live_read_only
2,2026-08-14,Leads,Leads,Last Outreach Channel,Last Outreach Channel,Last_Outreach_Channel,picklist,string,custom,used,true,writable,false,false,true,true,optional,optional,not_unique,not_encrypted,not_exposed_by_fields_api,concrete,120,,unknown,unknown,unknown,unknown,unknown,present,17,captured,verified_live_read_only
2,2026-08-14,Leads,Leads,Last Research Verified At,Last Research Verified At,Last_Research_Verified_At,datetime,string,custom,used,true,writable,false,false,true,true,optional,optional,not_unique,not_encrypted,not_exposed_by_fields_api,concrete,120,,unknown,unknown,unknown,unknown,unknown,present,0,not_applicable,verified_live_read_only
2,2026-08-14,Leads,Leads,Most Recent Visit,Last Visited Time,Last_Visited_Time,datetime,string,system,used,true,writable,false,true,true,true,optional,optional,not_unique,not_encrypted,not_exposed_by_fields_api,concrete,120,,unknown,unknown,unknown,unknown,unknown,missing_or_not_exposed,0,not_applicable,verified_live_read_only
2,2026-08-14,Leads,Leads,Lead Conversion Time,Lead Conversion Time,Lead_Conversion_Time,integer,integer,system,used,true,read_only,false,true,false,false,optional,optional,not_unique,not_encrypted,not_exposed_by_fields_api,concrete,9,,unknown,unknown,unknown,unknown,unknown,missing_or_not_exposed,0,not_applicable,verified_live_read_only
2,2026-08-14,Leads,Leads,Lead Source,Lead Source,Lead_Source,picklist,string,system,used,true,writable,false,false,true,true,optional,required,not_unique,not_encrypted,not_exposed_by_fields_api,concrete,120,,unknown,unknown,unknown,unknown,unknown,present,17,captured,verified_live_read_only
2,2026-08-14,Leads,Leads,Lead Status,Lead Status,Lead_Status,picklist,string,system,used,true,writable,false,false,true,true,optional,required,not_unique,not_encrypted,not_exposed_by_fields_api,concrete,120,,unknown,unknown,unknown,unknown,unknown,present,13,captured,verified_live_read_only
2,2026-08-14,Leads,Leads,Social Lead ID,Social Lead ID,leadchain0__Social_Lead_ID,text,string,custom,used,true,writable,false,false,true,true,optional,optional,not_unique,not_encrypted,not_exposed_by_fields_api,concrete,150,,unknown,unknown,unknown,unknown,unknown,missing_or_not_exposed,0,not_applicable,verified_live_read_only
2,2026-08-14,Leads,Leads,Lifecycle Status,Lifecycle Status,Lifecycle_Status,picklist,string,custom,used,true,writable,false,false,true,true,optional,optional,not_unique,not_encrypted,not_exposed_by_fields_api,concrete,120,,unknown,unknown,unknown,unknown,unknown,present,10,captured,verified_live_read_only
2,2026-08-14,Leads,Leads,Contact LinkedIn,Contact LinkedIn,LinkedIn,website,string,custom,used,true,writable,false,false,true,true,optional,optional,not_unique,not_encrypted,not_exposed_by_fields_api,concrete,450,,unknown,unknown,unknown,unknown,unknown,present,0,not_applicable,verified_live_read_only
2,2026-08-14,Leads,Leads,Location Source URL,Location Source URL,Location_Source_URL,website,string,custom,used,true,writable,false,false,true,true,optional,optional,not_unique,not_encrypted,not_exposed_by_fields_api,concrete,450,,unknown,unknown,unknown,unknown,unknown,present,0,not_applicable,verified_live_read_only
2,2026-08-14,Leads,Leads,Location Type,Location Type,Location_Type,picklist,string,custom,used,true,writable,false,false,true,true,optional,optional,not_unique,not_encrypted,not_exposed_by_fields_api,concrete,120,,unknown,unknown,unknown,unknown,unknown,present,7,captured,verified_live_read_only
2,2026-08-14,Leads,Leads,Locked,Locked,Locked__s,boolean,boolean,system,used,true,read_only,true,true,false,false,optional,optional,not_unique,not_encrypted,not_exposed_by_fields_api,concrete,5,,unknown,unknown,unknown,unknown,unknown,missing_or_not_exposed,0,not_applicable,verified_live_read_only
2,2026-08-14,Leads,Leads,Company Phone,Company Phone,Main_Business_Phone,phone,string,custom,used,true,writable,false,false,true,true,optional,optional,not_unique,not_encrypted,not_exposed_by_fields_api,concrete,30,,unknown,unknown,unknown,unknown,unknown,missing_or_not_exposed,0,not_applicable,verified_live_read_only
2,2026-08-14,Leads,Leads,Contact Mobile,Contact Mobile,Mobile,phone,string,system,used,true,writable,false,false,true,true,optional,optional,not_unique,not_encrypted,not_exposed_by_fields_api,concrete,30,,unknown,unknown,unknown,unknown,unknown,present,0,not_applicable,verified_live_read_only
2,2026-08-14,Leads,Leads,Modified By,Modified By,Modified_By,ownerlookup,jsonobject,system,used,true,read_only,false,false,false,false,optional,optional,not_unique,not_encrypted,not_exposed_by_fields_api,concrete,120,,unknown,unknown,unknown,unknown,unknown,missing_or_not_exposed,0,not_applicable,verified_live_read_only
2,2026-08-14,Leads,Leads,Modified Time,Modified Time,Modified_Time,datetime,string,system,used,true,read_only,false,false,false,false,optional,optional,not_unique,not_encrypted,not_exposed_by_fields_api,concrete,120,,unknown,unknown,unknown,unknown,unknown,missing_or_not_exposed,0,not_applicable,verified_live_read_only
2,2026-08-14,Leads,Leads,Monthly Inbound Call Band,Monthly Inbound Call Band,Monthly_Inbound_Call_Band,picklist,string,custom,used,true,writable,false,false,true,true,optional,optional,not_unique,not_encrypted,not_exposed_by_fields_api,concrete,120,,unknown,unknown,unknown,unknown,unknown,present,7,omitted_private_qualification_threshold_values,verified_live_read_only
2,2026-08-14,Leads,Leads,Distance,Distance,nearby_distance__s,double,double,system,used,true,read_only,true,true,false,false,optional,optional,not_unique,not_encrypted,not_exposed_by_fields_api,concrete,16,2,unknown,unknown,unknown,unknown,unknown,missing_or_not_exposed,0,not_applicable,verified_live_read_only
2,2026-08-14,Leads,Leads,Next Action,Next Action,Next_Action,picklist,string,custom,used,true,writable,false,false,true,true,optional,optional,not_unique,not_encrypted,not_exposed_by_fields_api,concrete,120,,unknown,unknown,unknown,unknown,unknown,present,12,captured,verified_live_read_only
2,2026-08-14,Leads,Leads,Next Outreach At,Next Outreach At,Next_Outreach_At,datetime,string,custom,used,true,writable,false,false,true,true,optional,optional,not_unique,not_encrypted,not_exposed_by_fields_api,concrete,120,,unknown,unknown,unknown,unknown,unknown,present,0,not_applicable,verified_live_read_only
2,2026-08-14,Leads,Leads,No. of Employees,No. of Employees,No_of_Employees,integer,integer,system,used,true,writable,false,false,true,true,optional,optional,not_unique,not_encrypted,not_exposed_by_fields_api,concrete,9,,unknown,unknown,unknown,unknown,unknown,present,0,not_applicable,verified_live_read_only
2,2026-08-14,Leads,Leads,Number Of Chats,Number Of Chats,Number_Of_Chats,integer,integer,system,used,true,writable,false,true,true,true,optional,optional,not_unique,not_encrypted,not_exposed_by_fields_api,concrete,9,,unknown,unknown,unknown,unknown,unknown,missing_or_not_exposed,0,not_applicable,verified_live_read_only
2,2026-08-14,Leads,Leads,Number of Locations,Number of Locations,Number_of_Locations,integer,integer,custom,used,true,writable,false,false,true,true,optional,optional,not_unique,not_encrypted,not_exposed_by_fields_api,concrete,9,,unknown,unknown,unknown,unknown,unknown,present,0,not_applicable,verified_live_read_only
2,2026-08-14,Leads,Leads,Nurture Reason,Nurture Reason,Nurture_Reason,picklist,string,custom,used,true,writable,false,false,true,true,optional,optional,not_unique,not_encrypted,not_exposed_by_fields_api,concrete,120,,unknown,unknown,unknown,unknown,unknown,present,9,captured,verified_live_read_only
2,2026-08-14,Leads,Leads,Outreach Attempt Count,Outreach Attempt Count,Outreach_Attempt_Count,integer,integer,custom,used,true,writable,false,false,true,true,optional,optional,not_unique,not_encrypted,not_exposed_by_fields_api,concrete,9,,unknown,unknown,unknown,unknown,unknown,present,0,not_applicable,verified_live_read_only
2,2026-08-14,Leads,Leads,Lead Owner,Lead Owner,Owner,ownerlookup,jsonobject,system,used,true,writable,false,true,true,true,optional,optional,not_unique,not_encrypted,not_exposed_by_fields_api,concrete,120,,unknown,unknown,unknown,unknown,unknown,missing_or_not_exposed,0,not_applicable,verified_live_read_only
2,2026-08-14,Leads,Leads,Pain Summary,Pain Summary,Pain_Point_Summary,textarea,string,custom,used,true,writable,false,false,true,true,optional,optional,not_unique,not_encrypted,not_exposed_by_fields_api,concrete,2000,,unknown,unknown,unknown,unknown,unknown,present,0,not_applicable,verified_live_read_only
2,2026-08-14,Leads,Leads,Pain Signals,Pain Signals,Pain_Signals,multiselectpicklist,jsonarray,custom,used,true,writable,false,false,true,true,optional,optional,not_unique,not_encrypted,not_exposed_by_fields_api,concrete,1000,,unknown,unknown,unknown,unknown,unknown,present,10,captured,verified_live_read_only
2,2026-08-14,Leads,Leads,Contact Phone,Contact Phone,Phone,phone,string,system,used,true,writable,false,false,true,true,optional,optional,not_unique,not_encrypted,not_exposed_by_fields_api,concrete,30,,unknown,unknown,unknown,unknown,unknown,present,0,not_applicable,verified_live_read_only
2,2026-08-14,Leads,Leads,Phone System Provider,Phone System Provider,Phone_System_Provider,text,string,custom,used,true,writable,false,false,true,true,optional,optional,not_unique,not_encrypted,not_exposed_by_fields_api,concrete,150,,unknown,unknown,unknown,unknown,unknown,present,0,not_applicable,verified_live_read_only
2,2026-08-14,Leads,Leads,Communication Preference,Communication Preference,Preferred_Communication_Method,picklist,string,custom,used,true,writable,false,false,true,true,optional,optional,not_unique,not_encrypted,not_exposed_by_fields_api,concrete,120,,unknown,unknown,unknown,unknown,unknown,present,4,captured,verified_live_read_only
2,2026-08-14,Leads,Leads,Primary Operating System,Primary Operating System,Primary_Operating_System,picklist,string,custom,used,true,writable,false,false,true,true,optional,optional,not_unique,not_encrypted,not_exposed_by_fields_api,concrete,120,,unknown,unknown,unknown,unknown,unknown,present,9,captured,verified_live_read_only
2,2026-08-14,Leads,Leads,Primary Service Area,Primary Service Area,Primary_Service_Area,textarea,string,custom,used,true,writable,false,false,true,true,optional,optional,not_unique,not_encrypted,not_exposed_by_fields_api,concrete,2000,,unknown,unknown,unknown,unknown,unknown,present,0,not_applicable,verified_live_read_only
2,2026-08-14,Leads,Leads,Prospect Import Key,Prospect Import Key,Prospect_Import_Key,text,string,custom,used,true,writable,false,false,true,true,optional,optional,not_unique,not_encrypted,not_exposed_by_fields_api,concrete,255,,unknown,unknown,unknown,unknown,unknown,present,0,not_applicable,verified_live_read_only
2,2026-08-14,Leads,Leads,Rating,Rating,Rating,picklist,string,system,used,true,writable,false,false,true,true,optional,optional,not_unique,not_encrypted,not_exposed_by_fields_api,concrete,120,,unknown,unknown,unknown,unknown,unknown,present,9,captured,verified_live_read_only
2,2026-08-14,Leads,Leads,Lead Image,Record Image,Record_Image,profileimage,string,system,used,true,writable,false,false,true,true,optional,optional,not_unique,not_encrypted,not_exposed_by_fields_api,concrete,255,,unknown,unknown,unknown,unknown,unknown,missing_or_not_exposed,0,not_applicable,verified_live_read_only
2,2026-08-14,Leads,Leads,Record Status,Record Status,Record_Status__s,picklist,string,system,used,true,writable,false,false,true,true,optional,optional,not_unique,not_encrypted,not_exposed_by_fields_api,concrete,120,,unknown,unknown,unknown,unknown,unknown,missing_or_not_exposed,3,captured,verified_live_read_only
2,2026-08-14,Leads,Leads,Referral Source Contact,Referral Source Contact,Referral_Source_Name,lookup,jsonobject,custom,used,true,writable,false,false,true,true,optional,optional,not_unique,not_encrypted,not_exposed_by_fields_api,concrete,120,,unknown,unknown,unknown,unknown,unknown,present,0,not_applicable,verified_live_read_only
2,2026-08-14,Leads,Leads,Referrer,Referrer,Referrer,website,string,system,used,true,writable,false,true,true,true,optional,optional,not_unique,not_encrypted,not_exposed_by_fields_api,concrete,3000,,unknown,unknown,unknown,unknown,unknown,missing_or_not_exposed,0,not_applicable,verified_live_read_only
2,2026-08-14,Leads,Leads,Requested Test Route,Requested Test Route,Requested_Test_Route,picklist,string,custom,used,true,writable,false,false,true,true,optional,optional,not_unique,not_encrypted,not_exposed_by_fields_api,concrete,120,,unknown,unknown,unknown,unknown,unknown,present,4,captured,verified_live_read_only
2,2026-08-14,Leads,Leads,Research Notes,Research Notes,Research_Notes,textarea,string,custom,used,true,writable,false,false,true,true,optional,optional,not_unique,not_encrypted,not_exposed_by_fields_api,concrete,2000,,unknown,unknown,unknown,unknown,unknown,present,0,not_applicable,verified_live_read_only
2,2026-08-14,Leads,Leads,Salutation,Salutation,Salutation,picklist,string,system,used,true,writable,false,false,true,true,optional,optional,not_unique,not_encrypted,not_exposed_by_fields_api,concrete,25,,unknown,unknown,unknown,unknown,unknown,missing_or_not_exposed,6,captured,verified_live_read_only
2,2026-08-14,Leads,Leads,Scheduling Process,Scheduling Process,Scheduling_Process,picklist,string,custom,used,true,writable,false,false,true,true,optional,optional,not_unique,not_encrypted,not_exposed_by_fields_api,concrete,120,,unknown,unknown,unknown,unknown,unknown,present,7,captured,verified_live_read_only
2,2026-08-14,Leads,Leads,Secondary Email,Secondary Email,Secondary_Email,email,string,system,used,true,writable,false,false,true,true,optional,optional,not_unique,not_encrypted,not_exposed_by_fields_api,concrete,100,,unknown,unknown,unknown,unknown,unknown,present,0,not_applicable,verified_live_read_only
2,2026-08-14,Leads,Leads,Skype ID,Skype ID,Skype_ID,text,string,system,used,true,writable,false,false,true,true,optional,optional,not_unique,not_encrypted,not_exposed_by_fields_api,concrete,50,,unknown,unknown,unknown,unknown,unknown,present,0,not_applicable,verified_live_read_only
2,2026-08-14,Leads,Leads,Source Page,Source Page,Source_Page,text,string,custom,used,true,writable,false,false,true,true,optional,optional,not_unique,not_encrypted,not_exposed_by_fields_api,concrete,255,,unknown,unknown,unknown,unknown,unknown,present,0,not_applicable,verified_live_read_only
2,2026-08-14,Leads,Leads,State,State,State,text,string,system,unused,true,writable,false,false,true,true,optional,not_present,not_unique,not_encrypted,not_exposed_by_fields_api,concrete,100,,unknown,unknown,unknown,unknown,unknown,missing_or_not_exposed,0,not_applicable,verified_live_read_only
2,2026-08-14,Leads,Leads,Street,Street,Street,text,string,system,unused,true,writable,false,false,true,true,optional,not_present,not_unique,not_encrypted,not_exposed_by_fields_api,concrete,250,,unknown,unknown,unknown,unknown,unknown,missing_or_not_exposed,0,not_applicable,verified_live_read_only
2,2026-08-14,Leads,Leads,Submission Channel,Submission Channel,Submission_Channel,picklist,string,custom,used,true,writable,false,false,true,true,optional,optional,not_unique,not_encrypted,not_exposed_by_fields_api,concrete,120,,unknown,unknown,unknown,unknown,unknown,present,3,captured,verified_live_read_only
2,2026-08-14,Leads,Leads,Tag,Tag,Tag,text,jsonarray,system,used,true,writable,false,false,true,true,optional,optional,not_unique,not_encrypted,not_exposed_by_fields_api,concrete,2000,,unknown,unknown,unknown,unknown,unknown,present,0,not_applicable,verified_live_read_only
2,2026-08-14,Leads,Leads,Target Anchor ZIP,Target Anchor ZIP,Target_Anchor_ZIP,text,string,custom,used,true,writable,false,false,true,true,optional,optional,not_unique,not_encrypted,not_exposed_by_fields_api,concrete,10,,unknown,unknown,unknown,unknown,unknown,present,0,not_applicable,verified_live_read_only
2,2026-08-14,Leads,Leads,Target Selection Basis,Target Selection Basis,Target_Location_Selection_Basis,picklist,string,custom,used,true,writable,false,false,true,true,optional,optional,not_unique,not_encrypted,not_exposed_by_fields_api,concrete,120,,unknown,unknown,unknown,unknown,unknown,present,6,captured,verified_live_read_only
2,2026-08-14,Leads,Leads,Target Market Fit,Target Market Fit,Target_Market_Fit,picklist,string,custom,used,true,writable,false,false,true,true,optional,optional,not_unique,not_encrypted,not_exposed_by_fields_api,concrete,120,,unknown,unknown,unknown,unknown,unknown,present,5,captured,verified_live_read_only
2,2026-08-14,Leads,Leads,Text Opt Out,Text Opt Out,Text_Opt_Out,boolean,boolean,custom,used,true,writable,false,false,true,true,optional,optional,not_unique,not_encrypted,not_exposed_by_fields_api,concrete,5,,unknown,unknown,unknown,unknown,unknown,present,0,not_applicable,verified_live_read_only
2,2026-08-14,Leads,Leads,Time Zone,Time Zone,Time_Zone,picklist,string,custom,used,true,writable,false,false,true,true,optional,optional,not_unique,not_encrypted,not_exposed_by_fields_api,concrete,120,,unknown,unknown,unknown,unknown,unknown,present,314,omitted_vendor_managed_high_cardinality_standard_set,verified_live_read_only
2,2026-08-14,Leads,Leads,Time Zone (IANA ID),Time Zone (IANA ID),Time_Zone_IANA_ID,text,string,custom,used,true,writable,false,false,true,true,optional,optional,not_unique,not_encrypted,not_exposed_by_fields_api,concrete,255,,unknown,unknown,unknown,unknown,unknown,present,0,not_applicable,verified_live_read_only
2,2026-08-14,Leads,Leads,Time Zone Normalized At,Time Zone Normalized At,Time_Zone_Normalized_At,datetime,string,custom,used,true,writable,false,false,true,true,optional,optional,not_unique,not_encrypted,not_exposed_by_fields_api,concrete,120,,unknown,unknown,unknown,unknown,unknown,present,0,not_applicable,verified_live_read_only
2,2026-08-14,Leads,Leads,Timeline Fit,Timeline Fit,Timeline_Fit,picklist,string,custom,used,true,writable,false,false,true,true,optional,optional,not_unique,not_encrypted,not_exposed_by_fields_api,concrete,120,,unknown,unknown,unknown,unknown,unknown,present,6,omitted_private_qualification_threshold_values,verified_live_read_only
2,2026-08-14,Leads,Leads,Twitter,Twitter,Twitter,text,string,system,unused,true,writable,false,false,true,true,optional,not_present,not_unique,not_encrypted,not_exposed_by_fields_api,concrete,50,,unknown,unknown,unknown,unknown,unknown,missing_or_not_exposed,0,not_applicable,verified_live_read_only
2,2026-08-14,Leads,Leads,Unsubscribed Mode,Unsubscribed Mode,Unsubscribed_Mode,picklist,string,system,used,true,read_only,true,true,false,false,optional,optional,not_unique,not_encrypted,not_exposed_by_fields_api,concrete,120,,unknown,unknown,unknown,unknown,unknown,missing_or_not_exposed,4,captured,verified_live_read_only
2,2026-08-14,Leads,Leads,Unsubscribed Time,Unsubscribed Time,Unsubscribed_Time,datetime,string,system,used,true,read_only,true,true,false,false,optional,optional,not_unique,not_encrypted,not_exposed_by_fields_api,concrete,120,,unknown,unknown,unknown,unknown,unknown,missing_or_not_exposed,0,not_applicable,verified_live_read_only
2,2026-08-14,Leads,Leads,utm_campaign,utm_campaign,UTM_Campaign,text,string,custom,used,true,writable,false,false,true,true,optional,optional,not_unique,not_encrypted,not_exposed_by_fields_api,concrete,255,,unknown,unknown,unknown,unknown,unknown,present,0,not_applicable,verified_live_read_only
2,2026-08-14,Leads,Leads,utm_content,utm_content,UTM_Content,text,string,custom,used,true,writable,false,false,true,true,optional,optional,not_unique,not_encrypted,not_exposed_by_fields_api,concrete,255,,unknown,unknown,unknown,unknown,unknown,present,0,not_applicable,verified_live_read_only
2,2026-08-14,Leads,Leads,utm_medium,utm_medium,UTM_Medium,text,string,custom,used,true,writable,false,false,true,true,optional,optional,not_unique,not_encrypted,not_exposed_by_fields_api,concrete,255,,unknown,unknown,unknown,unknown,unknown,present,0,not_applicable,verified_live_read_only
2,2026-08-14,Leads,Leads,utm_source,utm_source,UTM_Source,text,string,custom,used,true,writable,false,false,true,true,optional,optional,not_unique,not_encrypted,not_exposed_by_fields_api,concrete,255,,unknown,unknown,unknown,unknown,unknown,present,0,not_applicable,verified_live_read_only
2,2026-08-14,Leads,Leads,utm_term,utm_term,UTM_Term,text,string,custom,used,true,writable,false,false,true,true,optional,optional,not_unique,not_encrypted,not_exposed_by_fields_api,concrete,255,,unknown,unknown,unknown,unknown,unknown,present,0,not_applicable,verified_live_read_only
2,2026-08-14,Leads,Leads,Visitor Score,Visitor Score,Visitor_Score,bigint,string,system,used,true,writable,false,true,true,true,optional,optional,not_unique,not_encrypted,not_exposed_by_fields_api,concrete,19,,unknown,unknown,unknown,unknown,unknown,missing_or_not_exposed,0,not_applicable,verified_live_read_only
2,2026-08-14,Leads,Leads,Website,Website,Website,website,string,system,used,true,writable,false,false,true,true,optional,optional,not_unique,not_encrypted,not_exposed_by_fields_api,concrete,255,,unknown,unknown,unknown,unknown,unknown,present,0,not_applicable,verified_live_read_only
2,2026-08-14,Leads,Leads,Zip Code,Zip Code,Zip_Code,text,string,system,unused,true,writable,false,false,true,true,optional,not_present,not_unique,not_encrypted,not_exposed_by_fields_api,concrete,30,,unknown,unknown,unknown,unknown,unknown,missing_or_not_exposed,0,not_applicable,verified_live_read_only
2,2026-08-14,Contacts,Contacts,Account Name,Account Name,Account_Name,lookup,jsonobject,system,used,true,writable,false,false,true,true,optional,optional,not_unique,not_encrypted,not_exposed_by_fields_api,concrete,120,,unknown,unknown,unknown,unknown,unknown,missing_or_not_exposed,0,not_applicable,verified_live_read_only
2,2026-08-14,Contacts,Contacts,Address,Address,Address,textarea,string,custom,used,true,read_only,true,true,false,false,optional,optional,not_unique,not_encrypted,not_exposed_by_fields_api,virtual,2000,,unknown,unknown,unknown,unknown,unknown,missing_or_not_exposed,0,not_applicable,verified_live_read_only
2,2026-08-14,Contacts,Contacts,Address - City,Address - City,Address_City,text,string,custom,used,true,writable,false,false,true,true,optional,optional,not_unique,not_encrypted,not_exposed_by_fields_api,concrete,255,,unknown,unknown,unknown,unknown,unknown,missing_or_not_exposed,0,not_applicable,verified_live_read_only
2,2026-08-14,Contacts,Contacts,Address - Coordinates,Address - Coordinates,Address_Coordinates,textarea,string,custom,used,true,read_only,true,true,false,false,optional,optional,not_unique,not_encrypted,not_exposed_by_fields_api,virtual,255,,unknown,unknown,unknown,unknown,unknown,missing_or_not_exposed,0,not_applicable,verified_live_read_only
2,2026-08-14,Contacts,Contacts,Address - Latitude,Address - Latitude,Address_Coordinates_Latitude,double,double,custom,used,true,writable,false,false,true,true,optional,optional,not_unique,not_encrypted,not_exposed_by_fields_api,concrete,50,9,unknown,unknown,unknown,unknown,unknown,missing_or_not_exposed,0,not_applicable,verified_live_read_only
2,2026-08-14,Contacts,Contacts,Address - Longitude,Address - Longitude,Address_Coordinates_Longitude,double,double,custom,used,true,writable,false,false,true,true,optional,optional,not_unique,not_encrypted,not_exposed_by_fields_api,concrete,50,9,unknown,unknown,unknown,unknown,unknown,missing_or_not_exposed,0,not_applicable,verified_live_read_only
2,2026-08-14,Contacts,Contacts,Address - Country / Region,Address - Country / Region,Address_Country_Region,picklist,string,custom,used,true,writable,false,false,true,true,optional,optional,not_unique,not_encrypted,not_exposed_by_fields_api,concrete,120,,unknown,unknown,unknown,unknown,unknown,missing_or_not_exposed,248,omitted_vendor_managed_high_cardinality_standard_set,verified_live_read_only
2,2026-08-14,Contacts,Contacts,Address - Flat / House No./ Building / Apartment Name,Address - Flat / House No./ Building / Apartment Name,Address_Flat_House_No_Building_Apartment_Name,text,string,custom,used,true,writable,false,false,true,true,optional,optional,not_unique,not_encrypted,not_exposed_by_fields_api,concrete,255,,unknown,unknown,unknown,unknown,unknown,missing_or_not_exposed,0,not_applicable,verified_live_read_only
2,2026-08-14,Contacts,Contacts,Address - State / Province,Address - State / Province,Address_State_Province,picklist,string,custom,used,true,writable,false,false,true,true,optional,optional,not_unique,not_encrypted,not_exposed_by_fields_api,concrete,120,,unknown,unknown,unknown,unknown,unknown,missing_or_not_exposed,3937,omitted_vendor_managed_high_cardinality_standard_set,verified_live_read_only
2,2026-08-14,Contacts,Contacts,Address - Street Address,Address - Street Address,Address_Street_Address,text,string,custom,used,true,writable,false,false,true,true,optional,optional,not_unique,not_encrypted,not_exposed_by_fields_api,concrete,255,,unknown,unknown,unknown,unknown,unknown,missing_or_not_exposed,0,not_applicable,verified_live_read_only
2,2026-08-14,Contacts,Contacts,Address - Zip / Postal Code,Address - Zip / Postal Code,Address_Zip_Postal_Code,text,string,custom,used,true,writable,false,false,true,true,optional,optional,not_unique,not_encrypted,not_exposed_by_fields_api,concrete,255,,unknown,unknown,unknown,unknown,unknown,missing_or_not_exposed,0,not_applicable,verified_live_read_only
2,2026-08-14,Contacts,Contacts,Assistant,Assistant,Assistant,text,string,system,unused,true,writable,false,false,true,true,optional,not_present,not_unique,not_encrypted,not_exposed_by_fields_api,concrete,50,,unknown,unknown,unknown,unknown,unknown,missing_or_not_exposed,0,not_applicable,verified_live_read_only
2,2026-08-14,Contacts,Contacts,Asst Phone,Asst Phone,Asst_Phone,phone,string,system,unused,true,writable,false,false,true,true,optional,not_present,not_unique,not_encrypted,not_exposed_by_fields_api,concrete,30,,unknown,unknown,unknown,unknown,unknown,missing_or_not_exposed,0,not_applicable,verified_live_read_only
2,2026-08-14,Contacts,Contacts,Average Time Spent (Minutes),Average Time Spent (Minutes),Average_Time_Spent_Minutes,double,double,system,used,true,writable,false,true,true,true,optional,optional,not_unique,not_encrypted,not_exposed_by_fields_api,concrete,16,2,unknown,unknown,unknown,unknown,unknown,missing_or_not_exposed,0,not_applicable,verified_live_read_only
2,2026-08-14,Contacts,Contacts,Change Log Time,Change Log Time,Change_Log_Time__s,datetime,string,system,used,true,read_only,true,true,false,false,optional,optional,not_unique,not_encrypted,not_exposed_by_fields_api,concrete,120,,unknown,unknown,unknown,unknown,unknown,missing_or_not_exposed,0,not_applicable,verified_live_read_only
2,2026-08-14,Contacts,Contacts,Contact Type,Contact Type,Contact_Type,picklist,string,custom,used,true,writable,false,false,true,true,optional,required,not_unique,not_encrypted,not_exposed_by_fields_api,concrete,120,,unknown,unknown,unknown,unknown,unknown,present,5,captured,verified_live_read_only
2,2026-08-14,Contacts,Contacts,Contact Verification,Contact Verification,Contact_Verification_Status,picklist,string,custom,used,true,writable,false,false,true,true,optional,optional,not_unique,not_encrypted,not_exposed_by_fields_api,concrete,120,,unknown,unknown,unknown,unknown,unknown,present,7,captured,verified_live_read_only
2,2026-08-14,Contacts,Contacts,Contact Verified At,Contact Verified At,Contact_Verified_At,datetime,string,custom,used,true,writable,false,false,true,true,optional,optional,not_unique,not_encrypted,not_exposed_by_fields_api,concrete,120,,unknown,unknown,unknown,unknown,unknown,present,0,not_applicable,verified_live_read_only
2,2026-08-14,Contacts,Contacts,Created By,Created By,Created_By,ownerlookup,jsonobject,system,used,true,read_only,false,false,false,false,optional,optional,not_unique,not_encrypted,not_exposed_by_fields_api,concrete,120,,unknown,unknown,unknown,unknown,unknown,missing_or_not_exposed,0,not_applicable,verified_live_read_only
2,2026-08-14,Contacts,Contacts,Created Time,Created Time,Created_Time,datetime,string,system,used,true,read_only,false,false,false,false,optional,optional,not_unique,not_encrypted,not_exposed_by_fields_api,concrete,120,,unknown,unknown,unknown,unknown,unknown,missing_or_not_exposed,0,not_applicable,verified_live_read_only
2,2026-08-14,Contacts,Contacts,Date of Birth,Date of Birth,Date_of_Birth,date,string,system,unused,true,writable,false,false,true,true,optional,not_present,not_unique,not_encrypted,not_exposed_by_fields_api,concrete,20,,unknown,unknown,unknown,unknown,unknown,missing_or_not_exposed,0,not_applicable,verified_live_read_only
2,2026-08-14,Contacts,Contacts,Days Visited,Days Visited,Days_Visited,integer,integer,system,used,true,writable,false,true,true,true,optional,optional,not_unique,not_encrypted,not_exposed_by_fields_api,concrete,9,,unknown,unknown,unknown,unknown,unknown,missing_or_not_exposed,0,not_applicable,verified_live_read_only
2,2026-08-14,Contacts,Contacts,Decision Authority,Decision Authority,Decision_Authority,picklist,string,custom,used,true,writable,false,false,true,true,optional,optional,not_unique,not_encrypted,not_exposed_by_fields_api,concrete,120,,unknown,unknown,unknown,unknown,unknown,present,7,captured,verified_live_read_only
2,2026-08-14,Contacts,Contacts,Decision-Maker Role,Decision-Maker Role,Decision_Maker_Role,picklist,string,custom,used,true,writable,false,false,true,true,optional,optional,not_unique,not_encrypted,not_exposed_by_fields_api,concrete,120,,unknown,unknown,unknown,unknown,unknown,present,7,captured,verified_live_read_only
2,2026-08-14,Contacts,Contacts,Department,Department,Department,text,string,system,used,true,writable,false,false,true,true,optional,optional,not_unique,not_encrypted,not_exposed_by_fields_api,concrete,50,,unknown,unknown,unknown,unknown,unknown,present,0,not_applicable,verified_live_read_only
2,2026-08-14,Contacts,Contacts,Description,Description,Description,textarea,string,system,used,true,writable,false,false,true,true,optional,optional,not_unique,not_encrypted,not_exposed_by_fields_api,concrete,32000,,unknown,unknown,unknown,unknown,unknown,present,0,not_applicable,verified_live_read_only
2,2026-08-14,Contacts,Contacts,Email,Email,Email,email,string,system,used,true,writable,false,false,true,true,optional,optional,case_insensitive,not_encrypted,not_exposed_by_fields_api,concrete,100,,unknown,unknown,unknown,unknown,unknown,present,0,not_applicable,verified_live_read_only
2,2026-08-14,Contacts,Contacts,Email Opt Out,Email Opt Out,Email_Opt_Out,boolean,boolean,system,used,true,writable,false,false,true,true,optional,optional,not_unique,not_encrypted,not_exposed_by_fields_api,concrete,5,,unknown,unknown,unknown,unknown,unknown,present,0,not_applicable,verified_live_read_only
2,2026-08-14,Contacts,Contacts,Enrich Status,Enrich Status,Enrich_Status__s,picklist,string,system,used,true,read_only,true,true,false,false,optional,optional,not_unique,not_encrypted,not_exposed_by_fields_api,concrete,120,,unknown,unknown,unknown,unknown,unknown,present,3,captured,verified_live_read_only
2,2026-08-14,Contacts,Contacts,Fax,Fax,Fax,text,string,system,unused,true,writable,false,false,true,true,optional,not_present,not_unique,not_encrypted,not_exposed_by_fields_api,concrete,30,,unknown,unknown,unknown,unknown,unknown,missing_or_not_exposed,0,not_applicable,verified_live_read_only
2,2026-08-14,Contacts,Contacts,First Name,First Name,First_Name,text,string,system,used,true,writable,false,false,true,true,optional,required,not_unique,not_encrypted,not_exposed_by_fields_api,concrete,40,,unknown,unknown,unknown,unknown,unknown,missing_or_not_exposed,0,not_applicable,verified_live_read_only
2,2026-08-14,Contacts,Contacts,First Visit,First Visited Time,First_Visited_Time,datetime,string,system,used,true,writable,false,true,true,true,optional,optional,not_unique,not_encrypted,not_exposed_by_fields_api,concrete,120,,unknown,unknown,unknown,unknown,unknown,missing_or_not_exposed,0,not_applicable,verified_live_read_only
2,2026-08-14,Contacts,Contacts,First Page Visited,First Visited URL,First_Visited_URL,website,string,system,used,true,writable,false,true,true,true,optional,optional,not_unique,not_encrypted,not_exposed_by_fields_api,concrete,3000,,unknown,unknown,unknown,unknown,unknown,missing_or_not_exposed,0,not_applicable,verified_live_read_only
2,2026-08-14,Contacts,Contacts,Free Test Contact Consent,Free Test Contact Consent,Free_Test_Contact_Consent,boolean,boolean,custom,used,true,writable,false,false,true,true,optional,optional,not_unique,not_encrypted,not_exposed_by_fields_api,concrete,5,,unknown,unknown,unknown,unknown,unknown,present,0,not_applicable,verified_live_read_only
2,2026-08-14,Contacts,Contacts,Free Test Contact Consent At,Free Test Contact Consent At,Free_Test_Contact_Consent_At,datetime,string,custom,used,true,writable,false,false,true,true,optional,optional,not_unique,not_encrypted,not_exposed_by_fields_api,concrete,120,,unknown,unknown,unknown,unknown,unknown,present,0,not_applicable,verified_live_read_only
2,2026-08-14,Contacts,Contacts,Free Test Contact Consent Version,Free Test Contact Consent Version,Free_Test_Contact_Consent_Version,text,string,custom,used,true,writable,false,false,true,true,optional,optional,not_unique,not_encrypted,not_exposed_by_fields_api,concrete,100,,unknown,unknown,unknown,unknown,unknown,present,0,not_applicable,verified_live_read_only
2,2026-08-14,Contacts,Contacts,Full Name,Full Name,Full_Name,text,string,system,used,true,read_only,false,false,false,false,optional,optional,not_unique,not_encrypted,not_exposed_by_fields_api,concrete,120,,unknown,unknown,unknown,unknown,unknown,missing_or_not_exposed,0,not_applicable,verified_live_read_only
2,2026-08-14,Contacts,Contacts,Home Phone,Home Phone,Home_Phone,phone,string,system,unused,true,writable,false,false,true,true,optional,not_present,not_unique,not_encrypted,not_exposed_by_fields_api,concrete,30,,unknown,unknown,unknown,unknown,unknown,missing_or_not_exposed,0,not_applicable,verified_live_read_only
2,2026-08-14,Contacts,Contacts,Record Id,Record Id,id,bigint,string,system,used,true,read_only,true,true,false,false,optional,optional,not_unique,not_encrypted,not_exposed_by_fields_api,concrete,18,,unknown,unknown,unknown,unknown,unknown,missing_or_not_exposed,0,not_applicable,verified_live_read_only
2,2026-08-14,Contacts,Contacts,Is Billing Contact?,Is Billing Contact?,Is_Billing_Contact,boolean,boolean,custom,used,true,writable,false,false,true,true,optional,optional,not_unique,not_encrypted,not_exposed_by_fields_api,concrete,5,,unknown,unknown,unknown,unknown,unknown,present,0,not_applicable,verified_live_read_only
2,2026-08-14,Contacts,Contacts,Is Portal User?,Is Portal User?,Is_Portal_User,boolean,boolean,custom,used,true,writable,false,false,true,true,optional,optional,not_unique,not_encrypted,not_exposed_by_fields_api,concrete,5,,unknown,unknown,unknown,unknown,unknown,present,0,not_applicable,verified_live_read_only
2,2026-08-14,Contacts,Contacts,Is Primary Contact?,Is Primary Contact?,Is_Primary_Contact,boolean,boolean,custom,used,true,writable,false,false,true,true,optional,optional,not_unique,not_encrypted,not_exposed_by_fields_api,concrete,5,,unknown,unknown,unknown,unknown,unknown,present,0,not_applicable,verified_live_read_only
2,2026-08-14,Contacts,Contacts,Last Activity Time,Last Activity Time,Last_Activity_Time,datetime,string,system,used,true,read_only,false,true,false,false,optional,optional,not_unique,not_encrypted,not_exposed_by_fields_api,concrete,120,,unknown,unknown,unknown,unknown,unknown,present,0,not_applicable,verified_live_read_only
2,2026-08-14,Contacts,Contacts,Last Enriched Time,Last Enriched Time,Last_Enriched_Time__s,datetime,string,system,used,true,read_only,true,true,false,false,optional,optional,not_unique,not_encrypted,not_exposed_by_fields_api,concrete,120,,unknown,unknown,unknown,unknown,unknown,present,0,not_applicable,verified_live_read_only
2,2026-08-14,Contacts,Contacts,Last Name,Last Name,Last_Name,text,string,system,used,true,writable,false,false,true,true,required,required,not_unique,not_encrypted,not_exposed_by_fields_api,concrete,80,,unknown,unknown,unknown,unknown,unknown,missing_or_not_exposed,0,not_applicable,verified_live_read_only
2,2026-08-14,Contacts,Contacts,Most Recent Visit,Last Visited Time,Last_Visited_Time,datetime,string,system,used,true,writable,false,true,true,true,optional,optional,not_unique,not_encrypted,not_exposed_by_fields_api,concrete,120,,unknown,unknown,unknown,unknown,unknown,missing_or_not_exposed,0,not_applicable,verified_live_read_only
2,2026-08-14,Contacts,Contacts,Lead Source,Lead Source,Lead_Source,picklist,string,system,used,true,writable,false,false,true,true,optional,optional,not_unique,not_encrypted,not_exposed_by_fields_api,concrete,120,,unknown,unknown,unknown,unknown,unknown,present,17,captured,verified_live_read_only
2,2026-08-14,Contacts,Contacts,Social Lead ID,Social Lead ID,leadchain0__Social_Lead_ID,text,string,custom,used,true,writable,false,false,true,true,optional,optional,not_unique,not_encrypted,not_exposed_by_fields_api,concrete,150,,unknown,unknown,unknown,unknown,unknown,missing_or_not_exposed,0,not_applicable,verified_live_read_only
2,2026-08-14,Contacts,Contacts,Contact LinkedIn,Contact LinkedIn,LinkedIn,website,string,custom,used,true,writable,false,false,true,true,optional,optional,not_unique,not_encrypted,not_exposed_by_fields_api,concrete,450,,unknown,unknown,unknown,unknown,unknown,present,0,not_applicable,verified_live_read_only
2,2026-08-14,Contacts,Contacts,Locked,Locked,Locked__s,boolean,boolean,system,used,true,read_only,true,true,false,false,optional,optional,not_unique,not_encrypted,not_exposed_by_fields_api,concrete,5,,unknown,unknown,unknown,unknown,unknown,missing_or_not_exposed,0,not_applicable,verified_live_read_only
2,2026-08-14,Contacts,Contacts,Mailing City,Mailing City,Mailing_City,text,string,system,unused,true,writable,false,false,true,true,optional,not_present,not_unique,not_encrypted,not_exposed_by_fields_api,concrete,100,,unknown,unknown,unknown,unknown,unknown,missing_or_not_exposed,0,not_applicable,verified_live_read_only
2,2026-08-14,Contacts,Contacts,Mailing Country,Mailing Country,Mailing_Country,text,string,system,unused,true,writable,false,false,true,true,optional,not_present,not_unique,not_encrypted,not_exposed_by_fields_api,concrete,100,,unknown,unknown,unknown,unknown,unknown,missing_or_not_exposed,0,not_applicable,verified_live_read_only
2,2026-08-14,Contacts,Contacts,Mailing State,Mailing State,Mailing_State,text,string,system,unused,true,writable,false,false,true,true,optional,not_present,not_unique,not_encrypted,not_exposed_by_fields_api,concrete,100,,unknown,unknown,unknown,unknown,unknown,missing_or_not_exposed,0,not_applicable,verified_live_read_only
2,2026-08-14,Contacts,Contacts,Mailing Street,Mailing Street,Mailing_Street,text,string,system,unused,true,writable,false,false,true,true,optional,not_present,not_unique,not_encrypted,not_exposed_by_fields_api,concrete,250,,unknown,unknown,unknown,unknown,unknown,missing_or_not_exposed,0,not_applicable,verified_live_read_only
2,2026-08-14,Contacts,Contacts,Mailing Zip,Mailing Zip,Mailing_Zip,text,string,system,unused,true,writable,false,false,true,true,optional,not_present,not_unique,not_encrypted,not_exposed_by_fields_api,concrete,30,,unknown,unknown,unknown,unknown,unknown,missing_or_not_exposed,0,not_applicable,verified_live_read_only
2,2026-08-14,Contacts,Contacts,Middle Name,Middle Name,Middle_Name,text,string,custom,used,true,writable,false,false,true,true,optional,optional,not_unique,not_encrypted,not_exposed_by_fields_api,concrete,255,,unknown,unknown,unknown,unknown,unknown,present,0,not_applicable,verified_live_read_only
2,2026-08-14,Contacts,Contacts,Mobile,Mobile,Mobile,phone,string,system,used,true,writable,false,false,true,true,optional,optional,not_unique,not_encrypted,not_exposed_by_fields_api,concrete,30,,unknown,unknown,unknown,unknown,unknown,present,0,not_applicable,verified_live_read_only
2,2026-08-14,Contacts,Contacts,Modified By,Modified By,Modified_By,ownerlookup,jsonobject,system,used,true,read_only,false,false,false,false,optional,optional,not_unique,not_encrypted,not_exposed_by_fields_api,concrete,120,,unknown,unknown,unknown,unknown,unknown,missing_or_not_exposed,0,not_applicable,verified_live_read_only
2,2026-08-14,Contacts,Contacts,Modified Time,Modified Time,Modified_Time,datetime,string,system,used,true,read_only,false,false,false,false,optional,optional,not_unique,not_encrypted,not_exposed_by_fields_api,concrete,120,,unknown,unknown,unknown,unknown,unknown,missing_or_not_exposed,0,not_applicable,verified_live_read_only
2,2026-08-14,Contacts,Contacts,Name,Name,Name1,formula,string,custom,unused,true,read_only,true,false,false,false,optional,not_present,not_unique,not_encrypted,not_exposed_by_fields_api,concrete,1000,,unknown,unknown,unknown,unknown,unknown,missing_or_not_exposed,0,not_applicable,verified_live_read_only
2,2026-08-14,Contacts,Contacts,Distance,Distance,nearby_distance__s,double,double,system,used,true,read_only,true,true,false,false,optional,optional,not_unique,not_encrypted,not_exposed_by_fields_api,concrete,16,2,unknown,unknown,unknown,unknown,unknown,missing_or_not_exposed,0,not_applicable,verified_live_read_only
2,2026-08-14,Contacts,Contacts,Number Of Chats,Number Of Chats,Number_Of_Chats,integer,integer,system,used,true,writable,false,true,true,true,optional,optional,not_unique,not_encrypted,not_exposed_by_fields_api,concrete,9,,unknown,unknown,unknown,unknown,unknown,missing_or_not_exposed,0,not_applicable,verified_live_read_only
2,2026-08-14,Contacts,Contacts,Other City,Other City,Other_City,text,string,system,unused,true,writable,false,false,true,true,optional,not_present,not_unique,not_encrypted,not_exposed_by_fields_api,concrete,100,,unknown,unknown,unknown,unknown,unknown,missing_or_not_exposed,0,not_applicable,verified_live_read_only
2,2026-08-14,Contacts,Contacts,Other Country,Other Country,Other_Country,text,string,system,unused,true,writable,false,false,true,true,optional,not_present,not_unique,not_encrypted,not_exposed_by_fields_api,concrete,100,,unknown,unknown,unknown,unknown,unknown,missing_or_not_exposed,0,not_applicable,verified_live_read_only
2,2026-08-14,Contacts,Contacts,Other Phone,Other Phone,Other_Phone,phone,string,system,unused,true,writable,false,false,true,true,optional,not_present,not_unique,not_encrypted,not_exposed_by_fields_api,concrete,30,,unknown,unknown,unknown,unknown,unknown,missing_or_not_exposed,0,not_applicable,verified_live_read_only
2,2026-08-14,Contacts,Contacts,Other State,Other State,Other_State,text,string,system,unused,true,writable,false,false,true,true,optional,not_present,not_unique,not_encrypted,not_exposed_by_fields_api,concrete,100,,unknown,unknown,unknown,unknown,unknown,missing_or_not_exposed,0,not_applicable,verified_live_read_only
2,2026-08-14,Contacts,Contacts,Other Street,Other Street,Other_Street,text,string,system,unused,true,writable,false,false,true,true,optional,not_present,not_unique,not_encrypted,not_exposed_by_fields_api,concrete,250,,unknown,unknown,unknown,unknown,unknown,missing_or_not_exposed,0,not_applicable,verified_live_read_only
2,2026-08-14,Contacts,Contacts,Other Zip,Other Zip,Other_Zip,text,string,system,unused,true,writable,false,false,true,true,optional,not_present,not_unique,not_encrypted,not_exposed_by_fields_api,concrete,30,,unknown,unknown,unknown,unknown,unknown,missing_or_not_exposed,0,not_applicable,verified_live_read_only
2,2026-08-14,Contacts,Contacts,Contact Owner,Contact Owner,Owner,ownerlookup,jsonobject,system,used,true,writable,false,true,true,true,optional,optional,not_unique,not_encrypted,not_exposed_by_fields_api,concrete,120,,unknown,unknown,unknown,unknown,unknown,missing_or_not_exposed,0,not_applicable,verified_live_read_only
2,2026-08-14,Contacts,Contacts,Phone,Phone,Phone,phone,string,system,used,true,writable,false,false,true,true,optional,optional,not_unique,not_encrypted,not_exposed_by_fields_api,concrete,50,,unknown,unknown,unknown,unknown,unknown,present,0,not_applicable,verified_live_read_only
2,2026-08-14,Contacts,Contacts,Portal Role,Portal Role,Portal_Role,picklist,string,custom,used,true,writable,false,false,true,true,optional,optional,not_unique,not_encrypted,not_exposed_by_fields_api,concrete,120,,unknown,unknown,unknown,unknown,unknown,present,6,captured,verified_live_read_only
2,2026-08-14,Contacts,Contacts,Preferred Communication Methods,Preferred Communication Methods,Preferred_Communication_Methods,multiselectpicklist,jsonarray,custom,used,true,writable,false,false,true,true,optional,optional,not_unique,not_encrypted,not_exposed_by_fields_api,concrete,1000,,unknown,unknown,unknown,unknown,unknown,present,4,captured,verified_live_read_only
2,2026-08-14,Contacts,Contacts,Priority,Priority,Priority,picklist,string,custom,used,true,writable,false,false,true,true,optional,optional,not_unique,not_encrypted,not_exposed_by_fields_api,concrete,120,,unknown,unknown,unknown,unknown,unknown,present,4,captured,verified_live_read_only
2,2026-08-14,Contacts,Contacts,Contact Image,Record Image,Record_Image,profileimage,string,system,used,true,writable,false,false,true,true,optional,optional,not_unique,not_encrypted,not_exposed_by_fields_api,concrete,255,,unknown,unknown,unknown,unknown,unknown,missing_or_not_exposed,0,not_applicable,verified_live_read_only
2,2026-08-14,Contacts,Contacts,Record Status,Record Status,Record_Status__s,picklist,string,system,used,true,writable,false,false,true,true,optional,optional,not_unique,not_encrypted,not_exposed_by_fields_api,concrete,120,,unknown,unknown,unknown,unknown,unknown,missing_or_not_exposed,3,captured,verified_live_read_only
2,2026-08-14,Contacts,Contacts,Referrer,Referrer,Referrer,website,string,system,used,true,writable,false,true,true,true,optional,optional,not_unique,not_encrypted,not_exposed_by_fields_api,concrete,3000,,unknown,unknown,unknown,unknown,unknown,missing_or_not_exposed,0,not_applicable,verified_live_read_only
2,2026-08-14,Contacts,Contacts,Reporting To,Reporting To,Reporting_To,lookup,jsonobject,system,used,true,writable,false,false,true,true,optional,optional,not_unique,not_encrypted,not_exposed_by_fields_api,concrete,120,,unknown,unknown,unknown,unknown,unknown,missing_or_not_exposed,0,not_applicable,verified_live_read_only
2,2026-08-14,Contacts,Contacts,Salutation,Salutation,Salutation,picklist,string,system,used,true,writable,false,false,true,true,optional,optional,not_unique,not_encrypted,not_exposed_by_fields_api,concrete,25,,unknown,unknown,unknown,unknown,unknown,missing_or_not_exposed,10,captured,verified_live_read_only
2,2026-08-14,Contacts,Contacts,Contact Secondary Email,Contact Secondary Email,Secondary_Email,email,string,system,used,true,writable,false,false,true,true,optional,optional,not_unique,not_encrypted,not_exposed_by_fields_api,concrete,100,,unknown,unknown,unknown,unknown,unknown,present,0,not_applicable,verified_live_read_only
2,2026-08-14,Contacts,Contacts,Skype ID,Skype ID,Skype_ID,text,string,system,used,true,writable,false,false,true,true,optional,optional,not_unique,not_encrypted,not_exposed_by_fields_api,concrete,50,,unknown,unknown,unknown,unknown,unknown,present,0,not_applicable,verified_live_read_only
2,2026-08-14,Contacts,Contacts,Tag,Tag,Tag,text,jsonarray,system,used,true,writable,false,false,true,true,optional,optional,not_unique,not_encrypted,not_exposed_by_fields_api,concrete,2000,,unknown,unknown,unknown,unknown,unknown,present,0,not_applicable,verified_live_read_only
2,2026-08-14,Contacts,Contacts,Text Opt Out,Text Opt Out,Text_Opt_Out,boolean,boolean,custom,used,true,writable,false,false,true,true,optional,optional,not_unique,not_encrypted,not_exposed_by_fields_api,concrete,5,,unknown,unknown,unknown,unknown,unknown,present,0,not_applicable,verified_live_read_only
2,2026-08-14,Contacts,Contacts,Time Zone,Time Zone,Time_Zone,picklist,string,custom,used,true,writable,false,false,true,true,optional,optional,not_unique,not_encrypted,not_exposed_by_fields_api,concrete,120,,unknown,unknown,unknown,unknown,unknown,present,314,omitted_vendor_managed_high_cardinality_standard_set,verified_live_read_only
2,2026-08-14,Contacts,Contacts,Time Zone (IANA ID),Time Zone (IANA ID),Time_Zone_IANA_ID,text,string,custom,used,true,writable,false,false,true,true,optional,optional,not_unique,not_encrypted,not_exposed_by_fields_api,concrete,255,,unknown,unknown,unknown,unknown,unknown,present,0,not_applicable,verified_live_read_only
2,2026-08-14,Contacts,Contacts,Time Zone Normalized At,Time Zone Normalized At,Time_Zone_Normalized_At,datetime,string,custom,used,true,writable,false,false,true,true,optional,optional,not_unique,not_encrypted,not_exposed_by_fields_api,concrete,120,,unknown,unknown,unknown,unknown,unknown,present,0,not_applicable,verified_live_read_only
2,2026-08-14,Contacts,Contacts,Title,Title,Title,text,string,system,used,true,writable,false,false,true,true,optional,optional,not_unique,not_encrypted,not_exposed_by_fields_api,concrete,100,,unknown,unknown,unknown,unknown,unknown,present,0,not_applicable,verified_live_read_only
2,2026-08-14,Contacts,Contacts,Twitter,Twitter,Twitter,text,string,system,unused,true,writable,false,false,true,true,optional,not_present,not_unique,not_encrypted,not_exposed_by_fields_api,concrete,50,,unknown,unknown,unknown,unknown,unknown,missing_or_not_exposed,0,not_applicable,verified_live_read_only
2,2026-08-14,Contacts,Contacts,Unsubscribed Mode,Unsubscribed Mode,Unsubscribed_Mode,picklist,string,system,used,true,read_only,true,true,false,false,optional,optional,not_unique,not_encrypted,not_exposed_by_fields_api,concrete,120,,unknown,unknown,unknown,unknown,unknown,missing_or_not_exposed,4,captured,verified_live_read_only
2,2026-08-14,Contacts,Contacts,Unsubscribed Time,Unsubscribed Time,Unsubscribed_Time,datetime,string,system,used,true,read_only,true,true,false,false,optional,optional,not_unique,not_encrypted,not_exposed_by_fields_api,concrete,120,,unknown,unknown,unknown,unknown,unknown,missing_or_not_exposed,0,not_applicable,verified_live_read_only
2,2026-08-14,Contacts,Contacts,Vendor Name,Vendor Name,Vendor_Name,lookup,jsonobject,system,used,true,writable,false,false,true,true,optional,optional,not_unique,not_encrypted,not_exposed_by_fields_api,concrete,120,,unknown,unknown,unknown,unknown,unknown,missing_or_not_exposed,0,not_applicable,verified_live_read_only
2,2026-08-14,Contacts,Contacts,Visitor Score,Visitor Score,Visitor_Score,bigint,string,system,used,true,writable,false,true,true,true,optional,optional,not_unique,not_encrypted,not_exposed_by_fields_api,concrete,19,,unknown,unknown,unknown,unknown,unknown,missing_or_not_exposed,0,not_applicable,verified_live_read_only
2,2026-08-14,Accounts,Accounts,Account Name,Account Name,Account_Name,text,string,system,used,true,writable,false,false,true,true,required,required,not_unique,not_encrypted,not_exposed_by_fields_api,concrete,200,,false,unknown,true,true,true,not_supported,0,not_applicable,verified_live_read_only
2,2026-08-14,Accounts,Accounts,Account Number,Account Number,Account_Number,bigint,string,system,unused,true,writable,false,false,true,true,optional,not_present,not_unique,not_encrypted,not_exposed_by_fields_api,concrete,18,,false,unknown,true,true,true,missing,0,not_applicable,verified_live_read_only
2,2026-08-14,Accounts,Accounts,Account Site,Account Site,Account_Site,text,string,system,unused,true,writable,false,false,true,true,optional,not_present,not_unique,not_encrypted,not_exposed_by_fields_api,concrete,100,,false,unknown,true,true,true,missing,0,not_applicable,verified_live_read_only
2,2026-08-14,Accounts,Accounts,Account Type,Account Type,Account_Type,picklist,string,system,used,true,writable,false,false,true,true,optional,required,not_unique,not_encrypted,not_exposed_by_fields_api,concrete,120,,false,unknown,true,true,true,present,5,captured,verified_live_read_only
2,2026-08-14,Accounts,Accounts,Active Services,Active Services,Active_Services,multiselectpicklist,jsonarray,custom,used,true,writable,false,false,true,true,optional,optional,not_unique,not_encrypted,not_exposed_by_fields_api,concrete,1000,,false,unknown,true,true,true,present,5,captured,verified_live_read_only
2,2026-08-14,Accounts,Accounts,Billing Address,Billing Address,Address,textarea,string,custom,used,true,read_only,true,true,false,false,optional,optional,not_unique,not_encrypted,not_exposed_by_fields_api,virtual,2000,,false,unknown,false,true,false,missing,0,not_applicable,verified_live_read_only
2,2026-08-14,Accounts,Accounts,Billing Address - City,Billing Address - City,Address_City,text,string,custom,used,true,writable,false,false,true,true,optional,optional,not_unique,not_encrypted,not_exposed_by_fields_api,concrete,255,,false,unknown,true,true,true,not_supported,0,not_applicable,verified_live_read_only
2,2026-08-14,Accounts,Accounts,Billing Address - Coordinates,Billing Address - Coordinates,Address_Coordinates,textarea,string,custom,used,true,read_only,true,true,false,false,optional,optional,not_unique,not_encrypted,not_exposed_by_fields_api,virtual,255,,false,unknown,false,false,false,missing,0,not_applicable,verified_live_read_only
2,2026-08-14,Accounts,Accounts,Billing Address - Latitude,Billing Address - Latitude,Address_Coordinates_Latitude,double,double,custom,used,true,writable,false,false,true,true,optional,optional,not_unique,not_encrypted,not_exposed_by_fields_api,concrete,50,9,false,unknown,true,false,true,not_supported,0,not_applicable,verified_live_read_only
2,2026-08-14,Accounts,Accounts,Billing Address - Longitude,Billing Address - Longitude,Address_Coordinates_Longitude,double,double,custom,used,true,writable,false,false,true,true,optional,optional,not_unique,not_encrypted,not_exposed_by_fields_api,concrete,50,9,false,unknown,true,false,true,not_supported,0,not_applicable,verified_live_read_only
2,2026-08-14,Accounts,Accounts,Billing Address - Country / Region,Billing Address - Country / Region,Address_Country_Region,picklist,string,custom,used,true,writable,false,false,true,true,optional,optional,not_unique,not_encrypted,not_exposed_by_fields_api,concrete,120,,false,unknown,true,true,true,not_supported,248,omitted_vendor_managed_high_cardinality_standard_set,verified_live_read_only
2,2026-08-14,Accounts,Accounts,Billing Address - Flat / House No./ Building / Apartment Name,Billing Address - Flat / House No./ Building / Apartment Name,Address_Flat_House_No_Building_Apartment_Name,text,string,custom,used,true,writable,false,false,true,true,optional,optional,not_unique,not_encrypted,not_exposed_by_fields_api,concrete,255,,false,unknown,true,true,true,not_supported,0,not_applicable,verified_live_read_only
2,2026-08-14,Accounts,Accounts,Billing Address - State / Province,Billing Address - State / Province,Address_State_Province,picklist,string,custom,used,true,writable,false,false,true,true,optional,optional,not_unique,not_encrypted,not_exposed_by_fields_api,concrete,120,,false,unknown,true,true,true,not_supported,3937,omitted_vendor_managed_high_cardinality_standard_set,verified_live_read_only
2,2026-08-14,Accounts,Accounts,Billing Address - Street Address,Billing Address - Street Address,Address_Street_Address,text,string,custom,used,true,writable,false,false,true,true,optional,optional,not_unique,not_encrypted,not_exposed_by_fields_api,concrete,255,,false,unknown,true,true,true,not_supported,0,not_applicable,verified_live_read_only
2,2026-08-14,Accounts,Accounts,Billing Address - Zip / Postal Code,Billing Address - Zip / Postal Code,Address_Zip_Postal_Code,text,string,custom,used,true,writable,false,false,true,true,optional,optional,not_unique,not_encrypted,not_exposed_by_fields_api,concrete,255,,false,unknown,true,true,true,not_supported,0,not_applicable,verified_live_read_only
2,2026-08-14,Accounts,Accounts,Annual Revenue,Annual Revenue,Annual_Revenue,currency,double,system,used,true,writable,false,false,true,true,optional,optional,not_unique,not_encrypted,not_exposed_by_fields_api,concrete,16,2,false,unknown,true,true,true,present,0,not_applicable,verified_live_read_only
2,2026-08-14,Accounts,Accounts,Billing Attention,Billing Attention,Billing_Attention,text,string,custom,used,true,writable,false,false,true,true,optional,optional,not_unique,not_encrypted,not_exposed_by_fields_api,concrete,255,,false,unknown,true,true,true,present,0,not_applicable,verified_live_read_only
2,2026-08-14,Accounts,Accounts,Billing City,Billing City,Billing_City,text,string,system,unused,true,writable,false,false,true,true,optional,not_present,not_unique,not_encrypted,not_exposed_by_fields_api,concrete,100,,false,unknown,true,true,true,missing,0,not_applicable,verified_live_read_only
2,2026-08-14,Accounts,Accounts,Billing Code,Billing Code,Billing_Code,text,string,system,unused,true,writable,false,false,true,true,optional,not_present,not_unique,not_encrypted,not_exposed_by_fields_api,concrete,30,,false,unknown,true,true,true,missing,0,not_applicable,verified_live_read_only
2,2026-08-14,Accounts,Accounts,Billing Contact,Billing Contact,Billing_Contact,lookup,jsonobject,custom,used,true,writable,false,false,true,true,optional,optional,not_unique,not_encrypted,not_exposed_by_fields_api,concrete,120,,false,unknown,true,true,true,present,0,not_applicable,verified_live_read_only
2,2026-08-14,Accounts,Accounts,Billing Country,Billing Country,Billing_Country,text,string,system,unused,true,writable,false,false,true,true,optional,not_present,not_unique,not_encrypted,not_exposed_by_fields_api,concrete,100,,false,unknown,true,true,true,missing,0,not_applicable,verified_live_read_only
2,2026-08-14,Accounts,Accounts,Billing Fax,Billing Fax,Billing_Fax,phone,string,custom,used,true,writable,false,false,true,true,optional,optional,not_unique,not_encrypted,not_exposed_by_fields_api,concrete,30,,false,unknown,true,true,true,present,0,not_applicable,verified_live_read_only
2,2026-08-14,Accounts,Accounts,Billing Phone,Billing Phone,Billing_Phone,phone,string,custom,used,true,writable,false,false,true,true,optional,optional,not_unique,not_encrypted,not_exposed_by_fields_api,concrete,30,,false,unknown,true,true,true,present,0,not_applicable,verified_live_read_only
2,2026-08-14,Accounts,Accounts,Billing State,Billing State,Billing_State,text,string,system,unused,true,writable,false,false,true,true,optional,not_present,not_unique,not_encrypted,not_exposed_by_fields_api,concrete,100,,false,unknown,true,true,true,missing,0,not_applicable,verified_live_read_only
2,2026-08-14,Accounts,Accounts,Billing Street,Billing Street,Billing_Street,text,string,system,unused,true,writable,false,false,true,true,optional,not_present,not_unique,not_encrypted,not_exposed_by_fields_api,concrete,250,,false,unknown,true,true,true,missing,0,not_applicable,verified_live_read_only
2,2026-08-14,Accounts,Accounts,Change Log Time,Change Log Time,Change_Log_Time__s,datetime,string,system,used,true,read_only,true,true,false,false,optional,optional,not_unique,not_encrypted,not_exposed_by_fields_api,concrete,120,,false,unknown,false,false,false,not_supported,0,not_applicable,verified_live_read_only
2,2026-08-14,Accounts,Accounts,Company Email,Company Email,Company_Email,email,string,custom,used,true,writable,false,false,true,true,optional,optional,not_unique,not_encrypted,not_exposed_by_fields_api,concrete,100,,false,unknown,true,true,true,missing,0,not_applicable,verified_live_read_only
2,2026-08-14,Accounts,Accounts,Company LinkedIn,Company LinkedIn,Company_LinkedIn,website,string,custom,used,true,writable,false,false,true,true,optional,optional,not_unique,not_encrypted,not_exposed_by_fields_api,concrete,450,,false,unknown,true,true,true,missing,0,not_applicable,verified_live_read_only
2,2026-08-14,Accounts,Accounts,Created By,Created By,Created_By,ownerlookup,jsonobject,system,used,true,read_only,false,false,false,false,optional,optional,not_unique,not_encrypted,not_exposed_by_fields_api,concrete,120,,false,unknown,true,true,true,not_supported,0,not_applicable,verified_live_read_only
2,2026-08-14,Accounts,Accounts,Created Time,Created Time,Created_Time,datetime,string,system,used,true,read_only,false,false,false,false,optional,optional,not_unique,not_encrypted,not_exposed_by_fields_api,concrete,120,,false,unknown,true,true,true,not_supported,0,not_applicable,verified_live_read_only
2,2026-08-14,Accounts,Accounts,Billing Customer ID,Billing Customer ID,Customer_ID,text,string,custom,used,true,writable,false,false,true,true,optional,optional,case_insensitive,not_encrypted,not_exposed_by_fields_api,concrete,255,,false,unknown,true,true,true,present,0,not_applicable,verified_live_read_only
2,2026-08-14,Accounts,Accounts,Department,Department,Department,text,string,custom,used,true,writable,false,false,true,true,optional,optional,not_unique,not_encrypted,not_exposed_by_fields_api,concrete,50,,false,unknown,true,true,true,present,0,not_applicable,verified_live_read_only
2,2026-08-14,Accounts,Accounts,Description,Description,Description,textarea,string,system,used,true,writable,false,false,true,true,optional,optional,not_unique,not_encrypted,not_exposed_by_fields_api,concrete,32000,,false,unknown,true,false,false,present,0,not_applicable,verified_live_read_only
2,2026-08-14,Accounts,Accounts,Contact Email,Contact Email,Email,email,string,custom,used,true,writable,false,false,true,true,optional,optional,not_unique,not_encrypted,not_exposed_by_fields_api,concrete,100,,false,unknown,true,true,true,present,0,not_applicable,verified_live_read_only
2,2026-08-14,Accounts,Accounts,No. of Employees,No. of Employees,Employees,integer,integer,system,used,true,writable,false,false,true,true,optional,optional,not_unique,not_encrypted,not_exposed_by_fields_api,concrete,9,,false,unknown,true,true,true,present,0,not_applicable,verified_live_read_only
2,2026-08-14,Accounts,Accounts,Enrich Status,Enrich Status,Enrich_Status__s,picklist,string,system,used,true,read_only,true,true,false,false,optional,optional,not_unique,not_encrypted,not_exposed_by_fields_api,concrete,120,,false,unknown,false,true,false,present,3,captured,verified_live_read_only
2,2026-08-14,Accounts,Accounts,Fax,Fax,Fax,text,string,system,unused,true,writable,false,false,true,true,optional,not_present,not_unique,not_encrypted,not_exposed_by_fields_api,concrete,30,,false,unknown,true,true,true,missing,0,not_applicable,verified_live_read_only
2,2026-08-14,Accounts,Accounts,Field Team Size Band,Field Team Size Band,Field_Team_Size_Band,picklist,string,custom,used,true,writable,false,false,true,true,optional,optional,not_unique,not_encrypted,not_exposed_by_fields_api,concrete,120,,false,unknown,true,true,true,present,8,omitted_private_qualification_threshold_values,verified_live_read_only
2,2026-08-14,Accounts,Accounts,Record Id,Record Id,id,bigint,string,system,used,true,read_only,true,true,false,false,optional,optional,not_unique,not_encrypted,not_exposed_by_fields_api,concrete,18,,false,unknown,true,true,true,not_supported,0,not_applicable,verified_live_read_only
2,2026-08-14,Accounts,Accounts,Implementation Owner,Implementation Owner,Implementation_Owner,userlookup,jsonobject,custom,used,true,writable,false,false,true,true,optional,optional,not_unique,not_encrypted,not_exposed_by_fields_api,concrete,50,,false,unknown,true,true,true,present,0,not_applicable,verified_live_read_only
2,2026-08-14,Accounts,Accounts,Industry,Industry,Industry,picklist,string,system,used,true,writable,false,false,true,true,optional,optional,not_unique,not_encrypted,not_exposed_by_fields_api,concrete,120,,false,unknown,true,true,true,present,29,captured,verified_live_read_only
2,2026-08-14,Accounts,Accounts,Last Activity Time,Last Activity Time,Last_Activity_Time,datetime,string,system,used,true,read_only,false,true,false,false,optional,optional,not_unique,not_encrypted,not_exposed_by_fields_api,concrete,120,,false,unknown,true,true,true,present,0,not_applicable,verified_live_read_only
2,2026-08-14,Accounts,Accounts,Last Enriched Time,Last Enriched Time,Last_Enriched_Time__s,datetime,string,system,used,true,read_only,true,true,false,false,optional,optional,not_unique,not_encrypted,not_exposed_by_fields_api,concrete,120,,false,unknown,false,true,false,present,0,not_applicable,verified_live_read_only
2,2026-08-14,Accounts,Accounts,Legal Business Name,Legal Business Name,Legal_Business_Name,text,string,custom,used,true,writable,false,false,true,true,optional,optional,not_unique,not_encrypted,not_exposed_by_fields_api,concrete,255,,false,unknown,true,true,true,present,0,not_applicable,verified_live_read_only
2,2026-08-14,Accounts,Accounts,Locked,Locked,Locked__s,boolean,boolean,system,used,true,read_only,true,true,false,false,optional,optional,not_unique,not_encrypted,not_exposed_by_fields_api,concrete,5,,false,unknown,true,true,true,not_supported,0,not_applicable,verified_live_read_only
2,2026-08-14,Accounts,Accounts,Contact Mobile,Contact Mobile,Mobile,phone,string,custom,used,true,writable,false,false,true,true,optional,optional,not_unique,not_encrypted,not_exposed_by_fields_api,concrete,30,,false,unknown,true,true,true,present,0,not_applicable,verified_live_read_only
2,2026-08-14,Accounts,Accounts,Modified By,Modified By,Modified_By,ownerlookup,jsonobject,system,used,true,read_only,false,false,false,false,optional,optional,not_unique,not_encrypted,not_exposed_by_fields_api,concrete,120,,false,unknown,true,true,true,not_supported,0,not_applicable,verified_live_read_only
2,2026-08-14,Accounts,Accounts,Modified Time,Modified Time,Modified_Time,datetime,string,system,used,true,read_only,false,false,false,false,optional,optional,not_unique,not_encrypted,not_exposed_by_fields_api,concrete,120,,false,unknown,true,true,true,not_supported,0,not_applicable,verified_live_read_only
2,2026-08-14,Accounts,Accounts,Monthly Recurring Revenue,Monthly Recurring Revenue,Monthly_Recurring_Revenue,currency,double,custom,used,true,writable,false,false,true,true,optional,optional,not_unique,not_encrypted,not_exposed_by_fields_api,concrete,16,2,false,unknown,true,true,true,present,0,not_applicable,verified_live_read_only
2,2026-08-14,Accounts,Accounts,Distance,Distance,nearby_distance__s,double,double,system,used,true,read_only,true,true,false,false,optional,optional,not_unique,not_encrypted,not_exposed_by_fields_api,virtual,16,2,false,unknown,false,false,true,missing,0,not_applicable,verified_live_read_only
2,2026-08-14,Accounts,Accounts,Normal Business Hours,Normal Business Hours,Normal_Business_Hours,textarea,string,custom,used,true,writable,false,false,true,true,optional,optional,not_unique,not_encrypted,not_exposed_by_fields_api,concrete,2000,,false,unknown,true,true,false,present,0,not_applicable,verified_live_read_only
2,2026-08-14,Accounts,Accounts,Onboarding Status,Onboarding Status,Onboarding_Status,picklist,string,custom,used,true,writable,false,false,true,true,optional,required,not_unique,not_encrypted,not_exposed_by_fields_api,concrete,120,,false,unknown,true,true,true,present,3,captured,verified_live_read_only
2,2026-08-14,Accounts,Accounts,Onboarding Submitted At,Onboarding Submitted At,Onboarding_Submitted_At,datetime,string,custom,used,true,writable,false,false,true,true,optional,optional,not_unique,not_encrypted,not_exposed_by_fields_api,concrete,120,,false,unknown,true,true,true,present,0,not_applicable,verified_live_read_only
2,2026-08-14,Accounts,Accounts,Other Service Details,Other Service Details,Other_Service_Details,textarea,string,custom,used,true,writable,false,false,true,true,optional,optional,not_unique,not_encrypted,not_exposed_by_fields_api,concrete,2000,,false,unknown,true,true,false,present,0,not_applicable,verified_live_read_only
2,2026-08-14,Accounts,Accounts,Account Owner,Account Owner,Owner,ownerlookup,jsonobject,system,used,true,writable,false,true,true,true,optional,optional,not_unique,not_encrypted,not_exposed_by_fields_api,concrete,120,,false,unknown,true,true,true,not_supported,0,not_applicable,verified_live_read_only
2,2026-08-14,Accounts,Accounts,Ownership,Ownership,Ownership,picklist,string,system,unused,true,writable,false,false,true,true,optional,not_present,not_unique,not_encrypted,not_exposed_by_fields_api,concrete,120,,false,unknown,true,true,true,missing,5,captured,verified_live_read_only
2,2026-08-14,Accounts,Accounts,Pain Point Summary,Pain Point Summary,Pain_Point_Summary,textarea,string,custom,used,true,writable,false,false,true,true,optional,optional,not_unique,not_encrypted,not_exposed_by_fields_api,concrete,2000,,false,unknown,true,true,false,present,0,not_applicable,verified_live_read_only
2,2026-08-14,Accounts,Accounts,Parent Account,Parent Account,Parent_Account,lookup,jsonobject,system,used,true,writable,false,false,true,true,optional,optional,not_unique,not_encrypted,not_exposed_by_fields_api,concrete,120,,false,unknown,true,true,true,not_supported,0,not_applicable,verified_live_read_only
2,2026-08-14,Accounts,Accounts,Company Phone,Company Phone,Phone,phone,string,system,used,true,writable,false,false,true,true,optional,optional,not_unique,not_encrypted,not_exposed_by_fields_api,concrete,30,,false,unknown,true,true,true,present,0,not_applicable,verified_live_read_only
2,2026-08-14,Accounts,Accounts,Phone System Provider,Phone System Provider,Phone_System_Provider,text,string,custom,used,true,writable,false,false,true,true,optional,optional,not_unique,not_encrypted,not_exposed_by_fields_api,concrete,150,,false,unknown,true,true,true,present,0,not_applicable,verified_live_read_only
2,2026-08-14,Accounts,Accounts,Primary Contact,Primary Contact,Primary_Contact,lookup,jsonobject,custom,used,true,writable,false,false,true,true,optional,optional,not_unique,not_encrypted,not_exposed_by_fields_api,concrete,120,,false,unknown,true,true,true,present,0,not_applicable,verified_live_read_only
2,2026-08-14,Accounts,Accounts,Primary Service Area,Primary Service Area,Primary_Service_Area,textarea,string,custom,used,true,writable,false,false,true,true,optional,optional,not_unique,not_encrypted,not_exposed_by_fields_api,concrete,2000,,false,unknown,true,true,false,present,0,not_applicable,verified_live_read_only
2,2026-08-14,Accounts,Accounts,Rating,Rating,Rating,picklist,string,system,unused,true,writable,false,false,true,true,optional,not_present,not_unique,not_encrypted,not_exposed_by_fields_api,concrete,120,,false,unknown,true,true,true,missing,6,captured,verified_live_read_only
2,2026-08-14,Accounts,Accounts,Account Image,Record Image,Record_Image,profileimage,string,system,used,true,writable,false,false,true,true,optional,optional,not_unique,not_encrypted,not_exposed_by_fields_api,concrete,255,,false,unknown,false,false,false,not_supported,0,not_applicable,verified_live_read_only
2,2026-08-14,Accounts,Accounts,Record Status,Record Status,Record_Status__s,picklist,string,system,used,true,writable,false,false,true,true,optional,optional,not_unique,not_encrypted,not_exposed_by_fields_api,concrete,120,,false,unknown,false,true,false,not_supported,3,captured,verified_live_read_only
2,2026-08-14,Accounts,Accounts,Services Handled,Services Handled,Services_Handled,multiselectpicklist,jsonarray,custom,used,true,writable,false,false,true,true,optional,optional,not_unique,not_encrypted,not_exposed_by_fields_api,concrete,1000,,false,unknown,true,true,true,present,9,captured,verified_live_read_only
2,2026-08-14,Accounts,Accounts,Shipping Address,Shipping Address,Shipping_Address,textarea,string,custom,used,true,read_only,true,true,false,false,optional,optional,not_unique,not_encrypted,not_exposed_by_fields_api,virtual,2000,,false,unknown,false,true,false,missing,0,not_applicable,verified_live_read_only
2,2026-08-14,Accounts,Accounts,Shipping Address - City,Shipping Address - City,Shipping_Address_City,text,string,custom,used,true,writable,false,false,true,true,optional,optional,not_unique,not_encrypted,not_exposed_by_fields_api,concrete,255,,false,unknown,true,true,true,not_supported,0,not_applicable,verified_live_read_only
2,2026-08-14,Accounts,Accounts,Shipping Address - Coordinates,Shipping Address - Coordinates,Shipping_Address_Coordinates,textarea,string,custom,used,true,read_only,true,true,false,false,optional,optional,not_unique,not_encrypted,not_exposed_by_fields_api,virtual,255,,false,unknown,false,false,false,missing,0,not_applicable,verified_live_read_only
2,2026-08-14,Accounts,Accounts,Shipping Address - Latitude,Shipping Address - Latitude,Shipping_Address_Coordinates_Latitude,double,double,custom,used,true,writable,false,false,true,true,optional,optional,not_unique,not_encrypted,not_exposed_by_fields_api,concrete,50,9,false,unknown,true,false,true,not_supported,0,not_applicable,verified_live_read_only
2,2026-08-14,Accounts,Accounts,Shipping Address - Longitude,Shipping Address - Longitude,Shipping_Address_Coordinates_Longitude,double,double,custom,used,true,writable,false,false,true,true,optional,optional,not_unique,not_encrypted,not_exposed_by_fields_api,concrete,50,9,false,unknown,true,false,true,not_supported,0,not_applicable,verified_live_read_only
2,2026-08-14,Accounts,Accounts,Shipping Address - Country / Region,Shipping Address - Country / Region,Shipping_Address_Country_Region,picklist,string,custom,used,true,writable,false,false,true,true,optional,optional,not_unique,not_encrypted,not_exposed_by_fields_api,concrete,120,,false,unknown,true,true,true,not_supported,248,omitted_vendor_managed_high_cardinality_standard_set,verified_live_read_only
2,2026-08-14,Accounts,Accounts,Shipping Address - Flat / House No./ Building / Apartment Name,Shipping Address - Flat / House No./ Building / Apartment Name,Shipping_Address_Flat_House_No_Building_Apartment,text,string,custom,used,true,writable,false,false,true,true,optional,optional,not_unique,not_encrypted,not_exposed_by_fields_api,concrete,255,,false,unknown,true,true,true,not_supported,0,not_applicable,verified_live_read_only
2,2026-08-14,Accounts,Accounts,Shipping Address - State / Province,Shipping Address - State / Province,Shipping_Address_State_Province,picklist,string,custom,used,true,writable,false,false,true,true,optional,optional,not_unique,not_encrypted,not_exposed_by_fields_api,concrete,120,,false,unknown,true,true,true,not_supported,3937,omitted_vendor_managed_high_cardinality_standard_set,verified_live_read_only
2,2026-08-14,Accounts,Accounts,Shipping Address - Street Address,Shipping Address - Street Address,Shipping_Address_Street_Address,text,string,custom,used,true,writable,false,false,true,true,optional,optional,not_unique,not_encrypted,not_exposed_by_fields_api,concrete,255,,false,unknown,true,true,true,not_supported,0,not_applicable,verified_live_read_only
2,2026-08-14,Accounts,Accounts,Shipping Address - Zip / Postal Code,Shipping Address - Zip / Postal Code,Shipping_Address_Zip_Postal_Code,text,string,custom,used,true,writable,false,false,true,true,optional,optional,not_unique,not_encrypted,not_exposed_by_fields_api,concrete,255,,false,unknown,true,true,true,not_supported,0,not_applicable,verified_live_read_only
2,2026-08-14,Accounts,Accounts,Shipping Attention,Shipping Attention,Shipping_Attention,text,string,custom,used,true,writable,false,false,true,true,optional,optional,not_unique,not_encrypted,not_exposed_by_fields_api,concrete,255,,false,unknown,true,true,true,present,0,not_applicable,verified_live_read_only
2,2026-08-14,Accounts,Accounts,Shipping City,Shipping City,Shipping_City,text,string,system,unused,true,writable,false,false,true,true,optional,not_present,not_unique,not_encrypted,not_exposed_by_fields_api,concrete,100,,false,unknown,true,true,true,missing,0,not_applicable,verified_live_read_only
2,2026-08-14,Accounts,Accounts,Shipping Code,Shipping Code,Shipping_Code,text,string,system,unused,true,writable,false,false,true,true,optional,not_present,not_unique,not_encrypted,not_exposed_by_fields_api,concrete,30,,false,unknown,true,true,true,missing,0,not_applicable,verified_live_read_only
2,2026-08-14,Accounts,Accounts,Shipping Contact,Shipping Contact,Shipping_Contact,lookup,jsonobject,custom,used,true,writable,false,false,true,true,optional,optional,not_unique,not_encrypted,not_exposed_by_fields_api,concrete,120,,false,unknown,true,true,true,present,0,not_applicable,verified_live_read_only
2,2026-08-14,Accounts,Accounts,Shipping Country,Shipping Country,Shipping_Country,text,string,system,unused,true,writable,false,false,true,true,optional,not_present,not_unique,not_encrypted,not_exposed_by_fields_api,concrete,100,,false,unknown,true,true,true,missing,0,not_applicable,verified_live_read_only
2,2026-08-14,Accounts,Accounts,Shipping Fax,Shipping Fax,Shipping_Fax,phone,string,custom,used,true,writable,false,false,true,true,optional,optional,not_unique,not_encrypted,not_exposed_by_fields_api,concrete,30,,false,unknown,true,true,true,present,0,not_applicable,verified_live_read_only
2,2026-08-14,Accounts,Accounts,Shipping Phone,Shipping Phone,Shipping_Phone,phone,string,custom,used,true,writable,false,false,true,true,optional,optional,not_unique,not_encrypted,not_exposed_by_fields_api,concrete,30,,false,unknown,true,true,true,present,0,not_applicable,verified_live_read_only
2,2026-08-14,Accounts,Accounts,Shipping State,Shipping State,Shipping_State,text,string,system,unused,true,writable,false,false,true,true,optional,not_present,not_unique,not_encrypted,not_exposed_by_fields_api,concrete,100,,false,unknown,true,true,true,missing,0,not_applicable,verified_live_read_only
2,2026-08-14,Accounts,Accounts,Shipping Street,Shipping Street,Shipping_Street,text,string,system,unused,true,writable,false,false,true,true,optional,not_present,not_unique,not_encrypted,not_exposed_by_fields_api,concrete,250,,false,unknown,true,true,true,missing,0,not_applicable,verified_live_read_only
2,2026-08-14,Accounts,Accounts,SIC Code,SIC Code,SIC_Code,integer,integer,system,unused,true,writable,false,false,true,true,optional,not_present,not_unique,not_encrypted,not_exposed_by_fields_api,concrete,9,,false,unknown,true,true,true,missing,0,not_applicable,verified_live_read_only
2,2026-08-14,Accounts,Accounts,Lead Source,Lead Source,Source_Channel,picklist,string,custom,used,true,writable,false,false,true,true,optional,optional,not_unique,not_encrypted,not_exposed_by_fields_api,concrete,120,,false,unknown,true,true,true,present,17,captured,verified_live_read_only
2,2026-08-14,Accounts,Accounts,Subscription Status,Subscription Status,Subscription_Status,picklist,string,custom,used,true,writable,false,false,true,true,optional,optional,not_unique,not_encrypted,not_exposed_by_fields_api,concrete,120,,false,unknown,true,true,true,present,6,captured,verified_live_read_only
2,2026-08-14,Accounts,Accounts,Tag,Tag,Tag,text,jsonarray,system,used,true,writable,false,false,true,true,optional,optional,not_unique,not_encrypted,not_exposed_by_fields_api,concrete,2000,,false,unknown,true,true,false,present,0,not_applicable,verified_live_read_only
2,2026-08-14,Accounts,Accounts,Ticker Symbol,Ticker Symbol,Ticker_Symbol,text,string,system,unused,true,writable,false,false,true,true,optional,not_present,not_unique,not_encrypted,not_exposed_by_fields_api,concrete,30,,false,unknown,true,true,true,missing,0,not_applicable,verified_live_read_only
2,2026-08-14,Accounts,Accounts,Title,Title,Title,text,string,custom,used,true,writable,false,false,true,true,optional,optional,not_unique,not_encrypted,not_exposed_by_fields_api,concrete,100,,false,unknown,true,true,true,present,0,not_applicable,verified_live_read_only
2,2026-08-14,Accounts,Accounts,Vertical,Vertical,Vertical,picklist,string,custom,unused,true,writable,false,false,true,true,optional,not_present,not_unique,not_encrypted,not_exposed_by_fields_api,concrete,120,,false,unknown,true,true,true,missing,3,captured,verified_live_read_only
2,2026-08-14,Accounts,Accounts,Website,Website,Website,website,string,system,used,true,writable,false,false,true,true,optional,optional,not_unique,not_encrypted,not_exposed_by_fields_api,concrete,255,,false,unknown,true,true,true,present,0,not_applicable,verified_live_read_only
2,2026-08-14,Accounts,Accounts,Contact Phone,Contact Phone,Work_Phone,phone,string,custom,used,true,writable,false,false,true,true,optional,optional,not_unique,not_encrypted,not_exposed_by_fields_api,concrete,50,,false,unknown,true,true,true,present,0,not_applicable,verified_live_read_only
2,2026-08-14,Accounts,Accounts,Contracts Counterparty ID,Contracts Counterparty ID,zohocontracts__Contracts_Counterparty_ID,text,string,custom,used,true,writable,false,false,true,true,optional,optional,not_unique,not_encrypted,not_exposed_by_fields_api,concrete,255,,false,unknown,true,true,true,not_supported,0,not_applicable,verified_live_read_only
2,2026-08-14,Deals,Deals,Account Name,Account Name,Account_Name,lookup,jsonobject,system,used,true,writable,false,false,true,true,optional,required,not_unique,not_encrypted,not_exposed_by_fields_api,concrete,120,,false,unknown,true,true,true,not_supported,0,not_applicable,verified_live_read_only
2,2026-08-14,Deals,Deals,Address,Address,Address,textarea,string,custom,unused,true,read_only,true,true,false,false,optional,not_present,not_unique,not_encrypted,not_exposed_by_fields_api,virtual,2000,,false,unknown,false,true,false,missing,0,not_applicable,verified_live_read_only
2,2026-08-14,Deals,Deals,Address - City,Address - City,Address_City,text,string,custom,unused,true,writable,false,false,true,true,optional,not_present,not_unique,not_encrypted,not_exposed_by_fields_api,concrete,255,,false,unknown,true,true,true,not_supported,0,not_applicable,verified_live_read_only
2,2026-08-14,Deals,Deals,Address - Coordinates,Address - Coordinates,Address_Coordinates,textarea,string,custom,unused,true,read_only,true,true,false,false,optional,not_present,not_unique,not_encrypted,not_exposed_by_fields_api,virtual,255,,false,unknown,false,false,false,missing,0,not_applicable,verified_live_read_only
2,2026-08-14,Deals,Deals,Address - Latitude,Address - Latitude,Address_Coordinates_Latitude,double,double,custom,unused,true,writable,false,false,true,true,optional,not_present,not_unique,not_encrypted,not_exposed_by_fields_api,concrete,50,9,false,unknown,true,false,true,not_supported,0,not_applicable,verified_live_read_only
2,2026-08-14,Deals,Deals,Address - Longitude,Address - Longitude,Address_Coordinates_Longitude,double,double,custom,unused,true,writable,false,false,true,true,optional,not_present,not_unique,not_encrypted,not_exposed_by_fields_api,concrete,50,9,false,unknown,true,false,true,not_supported,0,not_applicable,verified_live_read_only
2,2026-08-14,Deals,Deals,Address - Country / Region,Address - Country / Region,Address_Country_Region,picklist,string,custom,unused,true,writable,false,false,true,true,optional,not_present,not_unique,not_encrypted,not_exposed_by_fields_api,concrete,120,,false,unknown,true,true,true,not_supported,248,omitted_vendor_managed_high_cardinality_standard_set,verified_live_read_only
2,2026-08-14,Deals,Deals,Address - Flat / House No./ Building / Apartment Name,Address - Flat / House No./ Building / Apartment Name,Address_Flat_House_No_Building_Apartment_Name,text,string,custom,unused,true,writable,false,false,true,true,optional,not_present,not_unique,not_encrypted,not_exposed_by_fields_api,concrete,255,,false,unknown,true,true,true,not_supported,0,not_applicable,verified_live_read_only
2,2026-08-14,Deals,Deals,Address - State / Province,Address - State / Province,Address_State_Province,picklist,string,custom,unused,true,writable,false,false,true,true,optional,not_present,not_unique,not_encrypted,not_exposed_by_fields_api,concrete,120,,false,unknown,true,true,true,not_supported,3937,omitted_vendor_managed_high_cardinality_standard_set,verified_live_read_only
2,2026-08-14,Deals,Deals,Address - Street Address,Address - Street Address,Address_Street_Address,text,string,custom,unused,true,writable,false,false,true,true,optional,not_present,not_unique,not_encrypted,not_exposed_by_fields_api,concrete,255,,false,unknown,true,true,true,not_supported,0,not_applicable,verified_live_read_only
2,2026-08-14,Deals,Deals,Address - Zip / Postal Code,Address - Zip / Postal Code,Address_Zip_Postal_Code,text,string,custom,unused,true,writable,false,false,true,true,optional,not_present,not_unique,not_encrypted,not_exposed_by_fields_api,concrete,255,,false,unknown,true,true,true,not_supported,0,not_applicable,verified_live_read_only
2,2026-08-14,Deals,Deals,After-Hours Call Band,After-Hours Call Band,After_Hours_Call_Band,picklist,string,custom,used,true,writable,false,false,true,true,optional,optional,not_unique,not_encrypted,not_exposed_by_fields_api,concrete,120,,false,unknown,true,true,true,present,7,omitted_private_qualification_threshold_values,verified_live_read_only
2,2026-08-14,Deals,Deals,After Hours Call Share,After Hours Call Share,After_Hours_Call_Share,percent,double,custom,used,true,writable,false,false,true,true,optional,optional,not_unique,not_encrypted,not_exposed_by_fields_api,concrete,5,2,false,unknown,true,true,true,present,0,not_applicable,verified_live_read_only
2,2026-08-14,Deals,Deals,Alert Recipient Email,Alert Recipient Email,Alert_Recipient_Email,email,string,custom,used,true,writable,false,false,true,true,optional,optional,not_unique,not_encrypted,not_exposed_by_fields_api,concrete,100,,false,unknown,true,true,true,present,0,not_applicable,verified_live_read_only
2,2026-08-14,Deals,Deals,Alert Recipient Mobile,Alert Recipient Mobile,Alert_Recipient_Mobile,phone,string,custom,used,true,writable,false,false,true,true,optional,optional,not_unique,not_encrypted,not_exposed_by_fields_api,concrete,30,,false,unknown,true,true,true,present,0,not_applicable,verified_live_read_only
2,2026-08-14,Deals,Deals,Alert Recipient Name,Alert Recipient Name,Alert_Recipient_Name,text,string,custom,used,true,writable,false,false,true,true,optional,optional,not_unique,not_encrypted,not_exposed_by_fields_api,concrete,255,,false,unknown,true,true,true,present,0,not_applicable,verified_live_read_only
2,2026-08-14,Deals,Deals,Amount,Amount,Amount,currency,double,system,used,true,writable,false,false,true,true,optional,optional,not_unique,not_encrypted,not_exposed_by_fields_api,concrete,16,2,false,unknown,true,true,true,present,0,not_applicable,verified_live_read_only
2,2026-08-14,Deals,Deals,Approved Fallback Destination,Approved Fallback Destination,Approved_Fallback_Destination,picklist,string,custom,used,true,writable,false,false,true,true,optional,optional,not_unique,not_encrypted,not_exposed_by_fields_api,concrete,120,,false,unknown,true,true,true,present,5,captured,verified_live_read_only
2,2026-08-14,Deals,Deals,Approved Fallback Number,Approved Fallback Number,Approved_Fallback_Number,phone,string,custom,used,true,writable,false,false,true,true,optional,optional,not_unique,not_encrypted,not_exposed_by_fields_api,concrete,30,,false,unknown,true,true,true,present,0,not_applicable,verified_live_read_only
2,2026-08-14,Deals,Deals,Approved Test Route,Approved Test Route,Approved_Test_Route,picklist,string,custom,used,true,writable,false,false,true,true,optional,optional,not_unique,not_encrypted,not_exposed_by_fields_api,concrete,120,,false,unknown,true,true,true,present,4,captured,verified_live_read_only
2,2026-08-14,Deals,Deals,Attachment,Attachment,Attachment,picklist,string,custom,unused,true,writable,false,false,true,true,optional,not_present,not_unique,not_encrypted,not_exposed_by_fields_api,concrete,120,,false,unknown,true,true,true,missing,5,captured,verified_live_read_only
2,2026-08-14,Deals,Deals,Authority Confirmed At,Authority Confirmed At,Authority_Confirmed_At,datetime,string,custom,used,true,writable,false,false,true,true,optional,optional,not_unique,not_encrypted,not_exposed_by_fields_api,concrete,120,,false,unknown,true,true,true,present,0,not_applicable,verified_live_read_only
2,2026-08-14,Deals,Deals,Authorization Signed At,Authorization Signed At,Authorization_Signed_At,datetime,string,custom,used,true,writable,false,false,true,true,optional,optional,not_unique,not_encrypted,not_exposed_by_fields_api,concrete,120,,false,unknown,true,true,true,present,0,not_applicable,verified_live_read_only
2,2026-08-14,Deals,Deals,Authorized Representative Confirmed,Authorized Representative Confirmed,Authorized_Representative_Confirmed,boolean,boolean,custom,used,true,writable,false,false,true,true,optional,optional,not_unique,not_encrypted,not_exposed_by_fields_api,concrete,5,,false,unknown,true,true,true,present,0,not_applicable,verified_live_read_only
2,2026-08-14,Deals,Deals,Average Job Value,Average Job Value,Average_Job_Value,currency,double,custom,used,true,writable,false,false,true,true,optional,optional,not_unique,not_encrypted,not_exposed_by_fields_api,concrete,16,2,false,unknown,true,true,true,present,0,not_applicable,verified_live_read_only
2,2026-08-14,Deals,Deals,Average Job Value Band,Average Job Value Band,Average_Job_Value_Band,picklist,string,custom,used,true,writable,false,false,true,true,optional,optional,not_unique,not_encrypted,not_exposed_by_fields_api,concrete,120,,false,unknown,true,true,true,present,7,omitted_private_qualification_threshold_values,verified_live_read_only
2,2026-08-14,Deals,Deals,Backup Fee,Backup Fee,Backup_Fee,currency,double,custom,unused,true,writable,false,false,true,true,optional,not_present,not_unique,not_encrypted,not_exposed_by_fields_api,concrete,16,2,false,unknown,true,true,true,missing,0,not_applicable,verified_live_read_only
2,2026-08-14,Deals,Deals,Billing Customer ID,Billing Customer ID,Billing_Customer_ID,text,string,custom,used,true,writable,false,false,true,true,optional,optional,not_unique,not_encrypted,not_exposed_by_fields_api,concrete,255,,false,unknown,true,true,true,present,0,not_applicable,verified_live_read_only
2,2026-08-14,Deals,Deals,Billing Subscription ID,Billing Subscription ID,Billing_Subscription_ID,text,string,custom,unused,true,writable,false,false,true,true,optional,not_present,case_insensitive,not_encrypted,not_exposed_by_fields_api,concrete,255,,false,unknown,true,true,true,missing,0,not_applicable,verified_live_read_only
2,2026-08-14,Deals,Deals,Breach Continuation Days,Breach Continuation Days,Breach_Continuation_Days,integer,integer,custom,unused,true,writable,false,false,true,true,optional,not_present,not_unique,not_encrypted,not_exposed_by_fields_api,concrete,9,,false,unknown,true,true,true,present,0,not_applicable,verified_live_read_only
2,2026-08-14,Deals,Deals,Commercial Fit,Commercial Fit,Budget_Fit,picklist,string,custom,used,true,writable,false,false,true,true,optional,optional,not_unique,not_encrypted,not_exposed_by_fields_api,concrete,120,,false,unknown,true,true,true,present,5,captured,verified_live_read_only
2,2026-08-14,Deals,Deals,Change Log Time,Change Log Time,Change_Log_Time__s,datetime,string,system,used,true,read_only,true,true,false,false,optional,optional,not_unique,not_encrypted,not_exposed_by_fields_api,concrete,120,,false,unknown,false,false,false,not_supported,0,not_applicable,verified_live_read_only
2,2026-08-14,Deals,Deals,Closing Date,Closing Date,Closing_Date,date,string,system,used,true,writable,false,false,true,true,optional,required,not_unique,not_encrypted,not_exposed_by_fields_api,concrete,20,,false,unknown,true,true,true,present,0,not_applicable,verified_live_read_only
2,2026-08-14,Deals,Deals,Contact Name,Contact Name,Contact_Name,lookup,jsonobject,system,used,true,writable,false,false,true,true,optional,required,not_unique,not_encrypted,not_exposed_by_fields_api,concrete,120,,false,unknown,true,true,true,not_supported,0,not_applicable,verified_live_read_only
2,2026-08-14,Deals,Deals,Coverage Needs,Coverage Needs,Coverage_Needs,multiselectpicklist,jsonarray,custom,used,true,writable,false,false,true,true,optional,optional,not_unique,not_encrypted,not_exposed_by_fields_api,concrete,1000,,false,unknown,true,true,true,present,8,captured,verified_live_read_only
2,2026-08-14,Deals,Deals,Created By,Created By,Created_By,ownerlookup,jsonobject,system,used,true,read_only,false,false,false,false,optional,optional,not_unique,not_encrypted,not_exposed_by_fields_api,concrete,120,,false,unknown,true,true,true,not_supported,0,not_applicable,verified_live_read_only
2,2026-08-14,Deals,Deals,Created Time,Created Time,Created_Time,datetime,string,system,used,true,read_only,false,false,false,false,optional,optional,not_unique,not_encrypted,not_exposed_by_fields_api,concrete,120,,false,unknown,true,true,true,not_supported,0,not_applicable,verified_live_read_only
2,2026-08-14,Deals,Deals,Current Call Handling,Current Call Handling,Current_Call_Handling,picklist,string,custom,used,true,writable,false,false,true,true,optional,optional,not_unique,not_encrypted,not_exposed_by_fields_api,concrete,120,,false,unknown,true,true,true,present,9,captured,verified_live_read_only
2,2026-08-14,Deals,Deals,Monthly Answering Cost,Monthly Answering Cost,Current_Monthly_Answering_Cost,currency,double,custom,used,true,writable,false,false,true,true,optional,optional,not_unique,not_encrypted,not_exposed_by_fields_api,concrete,16,2,false,unknown,true,true,true,present,0,not_applicable,verified_live_read_only
2,2026-08-14,Deals,Deals,Date,Date,Date,date,string,custom,unused,true,writable,false,false,true,true,optional,not_present,not_unique,not_encrypted,not_exposed_by_fields_api,concrete,20,,false,unknown,true,true,true,missing,0,not_applicable,verified_live_read_only
2,2026-08-14,Deals,Deals,Deal Name,Potential Name,Deal_Name,text,string,system,used,true,writable,false,false,true,true,required,required,not_unique,not_encrypted,not_exposed_by_fields_api,concrete,120,,false,unknown,true,true,true,not_supported,0,not_applicable,verified_live_read_only
2,2026-08-14,Deals,Deals,Deliverables,Deliverables,Deliverables,picklist,string,custom,unused,true,writable,false,false,true,true,optional,not_present,not_unique,not_encrypted,not_exposed_by_fields_api,concrete,120,,false,unknown,true,true,true,missing,7,captured,verified_live_read_only
2,2026-08-14,Deals,Deals,Department,Department,Department,text,string,custom,unused,true,writable,false,false,true,true,optional,not_present,not_unique,not_encrypted,not_exposed_by_fields_api,concrete,50,,false,unknown,true,true,true,missing,0,not_applicable,verified_live_read_only
2,2026-08-14,Deals,Deals,Description,Description,Description,textarea,string,system,used,true,writable,false,false,true,true,optional,optional,not_unique,not_encrypted,not_exposed_by_fields_api,concrete,32000,,false,unknown,true,false,false,present,0,not_applicable,verified_live_read_only
2,2026-08-14,Deals,Deals,Description Of SaaS Service,Description Of SaaS Service,Description_Of_SaaS_Service,text,string,custom,unused,true,writable,false,false,true,true,optional,not_present,not_unique,not_encrypted,not_exposed_by_fields_api,concrete,255,,false,unknown,true,true,true,missing,0,not_applicable,verified_live_read_only
2,2026-08-14,Deals,Deals,Email,Email,Email,email,string,custom,unused,true,writable,false,false,true,true,optional,not_present,not_unique,not_encrypted,not_exposed_by_fields_api,concrete,100,,false,unknown,true,true,true,missing,0,not_applicable,verified_live_read_only
2,2026-08-14,Deals,Deals,Entry Offer,Entry Offer,Entry_Offer,picklist,string,custom,used,true,writable,false,false,true,true,optional,optional,not_unique,not_encrypted,not_exposed_by_fields_api,concrete,120,,false,unknown,true,true,true,present,4,captured,verified_live_read_only
2,2026-08-14,Deals,Deals,Est Missed Opportunity,Est Missed Opportunity,Estimated_Monthly_Missed_Opportunity,currency,double,custom,used,true,writable,false,false,true,true,optional,optional,not_unique,not_encrypted,not_exposed_by_fields_api,concrete,16,2,false,unknown,true,true,true,present,0,not_applicable,verified_live_read_only
2,2026-08-14,Deals,Deals,Est Unanswered Call Rate,Est Unanswered Call Rate,Estimated_Unanswered_Call_Rate,percent,double,custom,used,true,writable,false,false,true,true,optional,optional,not_unique,not_encrypted,not_exposed_by_fields_api,concrete,5,2,false,unknown,true,true,true,present,0,not_applicable,verified_live_read_only
2,2026-08-14,Deals,Deals,Existing-Customer Call Handling,Existing-Customer Call Handling,Existing_Customer_Call_Handling,picklist,string,custom,used,true,writable,false,false,true,true,optional,optional,not_unique,not_encrypted,not_exposed_by_fields_api,concrete,120,,false,unknown,true,true,true,present,5,captured,verified_live_read_only
2,2026-08-14,Deals,Deals,Expected Revenue,Expected Revenue,Expected_Revenue,currency,double,system,used,true,read_only,true,true,true,true,optional,optional,not_unique,not_encrypted,not_exposed_by_fields_api,concrete,16,2,false,unknown,true,true,true,present,0,not_applicable,verified_live_read_only
2,2026-08-14,Deals,Deals,Forwarding Administrator Mobile,Forwarding Administrator Mobile,Forwarding_Administrator_Mobile,phone,string,custom,used,true,writable,false,false,true,true,optional,optional,not_unique,not_encrypted,not_exposed_by_fields_api,concrete,30,,false,unknown,true,true,true,present,0,not_applicable,verified_live_read_only
2,2026-08-14,Deals,Deals,Forwarding Administrator Name,Forwarding Administrator Name,Forwarding_Administrator_Name,text,string,custom,used,true,writable,false,false,true,true,optional,optional,not_unique,not_encrypted,not_exposed_by_fields_api,concrete,255,,false,unknown,true,true,true,present,0,not_applicable,verified_live_read_only
2,2026-08-14,Deals,Deals,Free Test Authorization Status,Free Test Authorization Status,Free_Test_Authorization_Status,picklist,string,custom,used,true,writable,false,false,true,true,optional,optional,not_unique,not_encrypted,not_exposed_by_fields_api,concrete,120,,false,unknown,true,true,true,present,9,captured,verified_live_read_only
2,2026-08-14,Deals,Deals,Free Test Request Notes,Free Test Request Notes,Free_Test_Request_Notes,textarea,string,custom,used,true,writable,false,false,true,true,optional,optional,not_unique,not_encrypted,not_exposed_by_fields_api,concrete,2000,,false,unknown,true,true,false,present,0,not_applicable,verified_live_read_only
2,2026-08-14,Deals,Deals,Free Test Request Submitted At,Free Test Request Submitted At,Free_Test_Request_Submitted_At,datetime,string,custom,used,true,writable,false,false,true,true,optional,optional,not_unique,not_encrypted,not_exposed_by_fields_api,concrete,120,,false,unknown,true,true,true,present,0,not_applicable,verified_live_read_only
2,2026-08-14,Deals,Deals,Go-Live Approval Status,Go-Live Approval Status,Go_Live_Approval_Status,picklist,string,custom,used,true,writable,false,false,true,true,optional,optional,not_unique,not_encrypted,not_exposed_by_fields_api,concrete,120,,false,unknown,true,true,true,present,6,captured,verified_live_read_only
2,2026-08-14,Deals,Deals,Go-Live Approved At,Go-Live Approved At,Go_Live_Approved_At,datetime,string,custom,used,true,writable,false,false,true,true,optional,optional,not_unique,not_encrypted,not_exposed_by_fields_api,concrete,120,,false,unknown,true,true,true,present,0,not_applicable,verified_live_read_only
2,2026-08-14,Deals,Deals,Governing Law State,Governing Law State,Governing_Law_State,picklist,string,custom,unused,true,writable,false,false,true,true,optional,not_present,not_unique,not_encrypted,not_exposed_by_fields_api,concrete,120,,false,unknown,true,true,true,missing,51,captured,verified_live_read_only
2,2026-08-14,Deals,Deals,Record Id,Record Id,id,bigint,string,system,used,true,read_only,true,true,false,false,optional,optional,not_unique,not_encrypted,not_exposed_by_fields_api,concrete,18,,false,unknown,true,true,true,not_supported,0,not_applicable,verified_live_read_only
2,2026-08-14,Deals,Deals,Intake Submission ID,Intake Submission ID,Intake_Submission_ID,text,string,custom,used,true,writable,false,false,true,true,optional,optional,not_unique,not_encrypted,not_exposed_by_fields_api,concrete,100,,false,unknown,true,true,true,present,0,not_applicable,verified_live_read_only
2,2026-08-14,Deals,Deals,Integration Readiness,Integration Readiness,Integration_Readiness,picklist,string,custom,used,true,writable,false,false,true,true,optional,optional,not_unique,not_encrypted,not_exposed_by_fields_api,concrete,120,,false,unknown,true,true,true,present,6,captured,verified_live_read_only
2,2026-08-14,Deals,Deals,Last Activity Time,Last Activity Time,Last_Activity_Time,datetime,string,system,used,true,read_only,false,true,false,false,optional,optional,not_unique,not_encrypted,not_exposed_by_fields_api,concrete,120,,false,unknown,true,true,true,present,0,not_applicable,verified_live_read_only
2,2026-08-14,Deals,Deals,Lead Conversion Time,Lead Conversion Time,Lead_Conversion_Time,integer,integer,system,used,true,read_only,false,true,false,false,optional,optional,not_unique,not_encrypted,not_exposed_by_fields_api,concrete,9,,false,unknown,true,true,true,not_supported,0,not_applicable,verified_live_read_only
2,2026-08-14,Deals,Deals,Lead Source,Lead Source,Lead_Source,picklist,string,system,used,true,writable,false,false,true,true,optional,optional,not_unique,not_encrypted,not_exposed_by_fields_api,concrete,120,,false,unknown,true,true,true,present,17,captured,verified_live_read_only
2,2026-08-14,Deals,Deals,Social Lead ID,Social Lead ID,leadchain0__Social_Lead_ID,text,string,custom,used,true,writable,false,false,true,true,optional,optional,not_unique,not_encrypted,not_exposed_by_fields_api,concrete,150,,false,unknown,true,true,true,not_supported,0,not_applicable,verified_live_read_only
2,2026-08-14,Deals,Deals,Locked,Locked,Locked__s,boolean,boolean,system,used,true,read_only,true,true,false,false,optional,optional,not_unique,not_encrypted,not_exposed_by_fields_api,concrete,5,,false,unknown,true,true,true,not_supported,0,not_applicable,verified_live_read_only
2,2026-08-14,Deals,Deals,Mobile,Mobile,Mobile,phone,string,custom,unused,true,writable,false,false,true,true,optional,not_present,not_unique,not_encrypted,not_exposed_by_fields_api,concrete,30,,false,unknown,true,true,true,missing,0,not_applicable,verified_live_read_only
2,2026-08-14,Deals,Deals,Modified By,Modified By,Modified_By,ownerlookup,jsonobject,system,used,true,read_only,false,false,false,false,optional,optional,not_unique,not_encrypted,not_exposed_by_fields_api,concrete,120,,false,unknown,true,true,true,not_supported,0,not_applicable,verified_live_read_only
2,2026-08-14,Deals,Deals,Modified Time,Modified Time,Modified_Time,datetime,string,system,used,true,read_only,false,false,false,false,optional,optional,not_unique,not_encrypted,not_exposed_by_fields_api,concrete,120,,false,unknown,true,true,true,not_supported,0,not_applicable,verified_live_read_only
2,2026-08-14,Deals,Deals,Monthly Inbound Call Band,Monthly Inbound Call Band,Monthly_Inbound_Call_Band,picklist,string,custom,used,true,writable,false,false,true,true,optional,optional,not_unique,not_encrypted,not_exposed_by_fields_api,concrete,120,,false,unknown,true,true,true,present,7,omitted_private_qualification_threshold_values,verified_live_read_only
2,2026-08-14,Deals,Deals,Monthly Inbound Calls,Monthly Inbound Calls,Monthly_Inbound_Calls,integer,integer,custom,used,true,writable,false,false,true,true,optional,optional,not_unique,not_encrypted,not_exposed_by_fields_api,concrete,9,,false,unknown,true,true,true,present,0,not_applicable,verified_live_read_only
2,2026-08-14,Deals,Deals,Monthly Recurring Revenue,Monthly Recurring Revenue,Monthly_Recurring_Revenue,currency,double,custom,used,true,writable,false,false,true,true,optional,optional,not_unique,not_encrypted,not_exposed_by_fields_api,concrete,16,2,false,unknown,true,true,true,present,0,not_applicable,verified_live_read_only
2,2026-08-14,Deals,Deals,Distance,Distance,nearby_distance__s,double,double,system,used,true,read_only,true,true,false,false,optional,optional,not_unique,not_encrypted,not_exposed_by_fields_api,virtual,16,2,false,unknown,false,false,true,missing,0,not_applicable,verified_live_read_only
2,2026-08-14,Deals,Deals,Next Renewal Date,Next Renewal Date,Next_Renewal_Date,date,string,custom,unused,true,writable,false,false,true,true,optional,not_present,not_unique,not_encrypted,not_exposed_by_fields_api,concrete,20,,false,unknown,true,true,true,missing,0,not_applicable,verified_live_read_only
2,2026-08-14,Deals,Deals,Next Step,Next Step,Next_Step,text,string,system,unused,true,writable,false,false,true,true,optional,not_present,not_unique,not_encrypted,not_exposed_by_fields_api,concrete,100,,false,unknown,true,true,true,missing,0,not_applicable,verified_live_read_only
2,2026-08-14,Deals,Deals,Next Action,Next Action,Next_Steps,picklist,string,custom,used,true,writable,false,false,true,true,optional,optional,not_unique,not_encrypted,not_exposed_by_fields_api,concrete,120,,false,unknown,true,true,true,present,6,captured,verified_live_read_only
2,2026-08-14,Deals,Deals,No-Answer Delay,No-Answer Delay,No_Answer_Delay,picklist,string,custom,used,true,writable,false,false,true,true,optional,optional,not_unique,not_encrypted,not_exposed_by_fields_api,concrete,120,,false,unknown,true,true,true,present,6,captured,verified_live_read_only
2,2026-08-14,Deals,Deals,Nth,Nth,Nth,text,string,custom,unused,true,writable,false,false,true,true,optional,not_present,not_unique,not_encrypted,not_exposed_by_fields_api,concrete,255,,false,unknown,true,true,true,present,0,not_applicable,verified_live_read_only
2,2026-08-14,Deals,Deals,Overall Sales Duration,Overall Sales Duration,Overall_Sales_Duration,integer,integer,system,used,true,read_only,false,true,false,false,optional,optional,not_unique,not_encrypted,not_exposed_by_fields_api,concrete,9,,false,unknown,true,true,true,not_supported,0,not_applicable,verified_live_read_only
2,2026-08-14,Deals,Deals,Deal Owner,Potential Owner,Owner,ownerlookup,jsonobject,system,used,true,writable,false,true,true,true,optional,optional,not_unique,not_encrypted,not_exposed_by_fields_api,concrete,120,,false,unknown,true,true,true,not_supported,0,not_applicable,verified_live_read_only
2,2026-08-14,Deals,Deals,Pain Summary,Pain Summary,Pain_Point_Summary,textarea,string,custom,used,true,writable,false,false,true,true,optional,optional,not_unique,not_encrypted,not_exposed_by_fields_api,concrete,2000,,false,unknown,true,true,false,present,0,not_applicable,verified_live_read_only
2,2026-08-14,Deals,Deals,Party A,Party A,Party_A,picklist,string,custom,unused,true,writable,false,false,true,true,optional,not_present,not_unique,not_encrypted,not_exposed_by_fields_api,concrete,120,,false,unknown,true,true,true,missing,2,omitted_private_user_reference_values,verified_live_read_only
2,2026-08-14,Deals,Deals,Party B,Party B,Party_B,lookup,jsonobject,custom,unused,true,writable,false,false,true,true,optional,not_present,not_unique,not_encrypted,not_exposed_by_fields_api,concrete,120,,false,unknown,true,true,true,missing,0,not_applicable,verified_live_read_only
2,2026-08-14,Deals,Deals,Phone,Phone,Phone,phone,string,custom,unused,true,writable,false,false,true,true,optional,not_present,not_unique,not_encrypted,not_exposed_by_fields_api,concrete,50,,false,unknown,true,true,true,missing,0,not_applicable,verified_live_read_only
2,2026-08-14,Deals,Deals,Pilot Outcome,Pilot Outcome,Pilot_Outcome,picklist,string,custom,used,true,writable,false,false,true,true,optional,optional,not_unique,not_encrypted,not_exposed_by_fields_api,concrete,120,,false,unknown,true,true,true,present,5,captured,verified_live_read_only
2,2026-08-14,Deals,Deals,Pilot Outcome Notes,Pilot Outcome Notes,Pilot_Outcome_Notes,textarea,string,custom,used,true,writable,false,false,true,true,optional,optional,not_unique,not_encrypted,not_exposed_by_fields_api,concrete,2000,,false,unknown,true,true,false,present,0,not_applicable,verified_live_read_only
2,2026-08-14,Deals,Deals,Pilot Scope,Pilot Scope,Pilot_Scope,textarea,string,custom,used,true,writable,false,false,true,true,optional,optional,not_unique,not_encrypted,not_exposed_by_fields_api,concrete,2000,,false,unknown,true,true,false,present,0,not_applicable,verified_live_read_only
2,2026-08-14,Deals,Deals,Pilot Success Criteria,Pilot Success Criteria,Pilot_Success_Criteria,textarea,string,custom,used,true,writable,false,false,true,true,optional,optional,not_unique,not_encrypted,not_exposed_by_fields_api,concrete,2000,,false,unknown,true,true,false,present,0,not_applicable,verified_live_read_only
2,2026-08-14,Deals,Deals,Pipeline,Pipeline,Pipeline,picklist,string,system,used,true,writable,false,false,true,true,required,required,not_unique,not_encrypted,not_exposed_by_fields_api,concrete,120,,false,unknown,true,true,true,not_supported,2,captured,verified_live_read_only
2,2026-08-14,Deals,Deals,Plan,Plan,Plan,picklist,string,custom,used,true,writable,false,false,true,true,optional,optional,not_unique,not_encrypted,not_exposed_by_fields_api,concrete,120,,false,unknown,true,true,true,present,5,captured,verified_live_read_only
2,2026-08-14,Deals,Deals,Primary Operating System,Primary Operating System,Primary_Operating_System,picklist,string,custom,used,true,writable,false,false,true,true,optional,optional,not_unique,not_encrypted,not_exposed_by_fields_api,concrete,120,,false,unknown,true,true,true,present,9,captured,verified_live_read_only
2,2026-08-14,Deals,Deals,Probability,Probability,Probability,integer,integer,system,used,true,writable,false,false,true,true,optional,optional,not_unique,not_encrypted,not_exposed_by_fields_api,concrete,3,,false,unknown,true,true,true,present,0,not_applicable,verified_live_read_only
2,2026-08-14,Deals,Deals,Reason For Loss,Reason For Loss,Reason_For_Loss__s,picklist,string,system,used,true,writable,false,false,true,true,optional,optional,not_unique,not_encrypted,not_exposed_by_fields_api,concrete,120,,false,unknown,true,true,true,present,10,captured,verified_live_read_only
2,2026-08-14,Deals,Deals,Deal Image,Deal Image,Record_Image,profileimage,string,system,used,true,writable,false,false,true,true,optional,optional,not_unique,not_encrypted,not_exposed_by_fields_api,concrete,255,,false,unknown,false,false,false,not_supported,0,not_applicable,verified_live_read_only
2,2026-08-14,Deals,Deals,Record Status,Record Status,Record_Status__s,picklist,string,system,used,true,writable,false,false,true,true,optional,optional,not_unique,not_encrypted,not_exposed_by_fields_api,concrete,120,,false,unknown,false,true,false,not_supported,3,captured,verified_live_read_only
2,2026-08-14,Deals,Deals,Requested Test Route,Requested Test Route,Requested_Test_Route,picklist,string,custom,used,true,writable,false,false,true,true,optional,optional,not_unique,not_encrypted,not_exposed_by_fields_api,concrete,120,,false,unknown,true,true,true,present,4,captured,verified_live_read_only
2,2026-08-14,Deals,Deals,Results Review At,Results Review At,Results_Review_At,datetime,string,custom,used,true,writable,false,false,true,true,optional,optional,not_unique,not_encrypted,not_exposed_by_fields_api,concrete,120,,false,unknown,true,true,true,present,0,not_applicable,verified_live_read_only
2,2026-08-14,Deals,Deals,Rollback Completed At,Rollback Completed At,Rollback_Completed_At,datetime,string,custom,used,true,writable,false,false,true,true,optional,optional,not_unique,not_encrypted,not_exposed_by_fields_api,concrete,120,,false,unknown,true,true,true,present,0,not_applicable,verified_live_read_only
2,2026-08-14,Deals,Deals,Rollback Contact Mobile,Rollback Contact Mobile,Rollback_Contact_Mobile,phone,string,custom,used,true,writable,false,false,true,true,optional,optional,not_unique,not_encrypted,not_exposed_by_fields_api,concrete,30,,false,unknown,true,true,true,present,0,not_applicable,verified_live_read_only
2,2026-08-14,Deals,Deals,Rollback Contact Name,Rollback Contact Name,Rollback_Contact_Name,text,string,custom,used,true,writable,false,false,true,true,optional,optional,not_unique,not_encrypted,not_exposed_by_fields_api,concrete,255,,false,unknown,true,true,true,present,0,not_applicable,verified_live_read_only
2,2026-08-14,Deals,Deals,Sales Cycle Duration,Sales Cycle Duration,Sales_Cycle_Duration,integer,integer,system,used,true,read_only,false,true,false,false,optional,optional,not_unique,not_encrypted,not_exposed_by_fields_api,concrete,9,,false,unknown,true,true,true,not_supported,0,not_applicable,verified_live_read_only
2,2026-08-14,Deals,Deals,Scheduling Process,Scheduling Process,Scheduling_Process,picklist,string,custom,used,true,writable,false,false,true,true,optional,optional,not_unique,not_encrypted,not_exposed_by_fields_api,concrete,120,,false,unknown,true,true,true,present,7,captured,verified_live_read_only
2,2026-08-14,Deals,Deals,Service Line,Service Line,Service,picklist,string,custom,used,true,writable,false,false,true,true,optional,optional,not_unique,not_encrypted,not_exposed_by_fields_api,concrete,120,,false,unknown,true,true,true,present,6,captured,verified_live_read_only
2,2026-08-14,Deals,Deals,Setup Access Issued At,Setup Access Issued At,Setup_Access_Issued_At,datetime,string,custom,used,true,writable,false,false,true,true,optional,optional,not_unique,not_encrypted,not_exposed_by_fields_api,concrete,120,,false,unknown,true,true,true,present,0,not_applicable,verified_live_read_only
2,2026-08-14,Deals,Deals,Setup Access Status,Setup Access Status,Setup_Access_Status,picklist,string,custom,used,true,writable,false,false,true,true,optional,optional,not_unique,not_encrypted,not_exposed_by_fields_api,concrete,120,,false,unknown,true,true,true,present,8,captured,verified_live_read_only
2,2026-08-14,Deals,Deals,Setup Access Verified At,Setup Access Verified At,Setup_Access_Verified_At,datetime,string,custom,used,true,writable,false,false,true,true,optional,optional,not_unique,not_encrypted,not_exposed_by_fields_api,concrete,120,,false,unknown,true,true,true,present,0,not_applicable,verified_live_read_only
2,2026-08-14,Deals,Deals,Setup Fee,Setup Fee,Setup_Fee,currency,double,custom,used,true,writable,false,false,true,true,optional,optional,not_unique,not_encrypted,not_exposed_by_fields_api,concrete,16,2,false,unknown,true,true,true,present,0,not_applicable,verified_live_read_only
2,2026-08-14,Deals,Deals,Setup Form Submission ID,Setup Form Submission ID,Setup_Form_Submission_ID,text,string,custom,used,true,writable,false,false,true,true,optional,optional,not_unique,not_encrypted,not_exposed_by_fields_api,concrete,100,,false,unknown,true,true,true,present,0,not_applicable,verified_live_read_only
2,2026-08-14,Deals,Deals,Setup Form Submitted At,Setup Form Submitted At,Setup_Form_Submitted_At,datetime,string,custom,used,true,writable,false,false,true,true,optional,optional,not_unique,not_encrypted,not_exposed_by_fields_api,concrete,120,,false,unknown,true,true,true,present,0,not_applicable,verified_live_read_only
2,2026-08-14,Deals,Deals,Setup Form Version,Setup Form Version,Setup_Form_Version,text,string,custom,used,true,writable,false,false,true,true,optional,optional,not_unique,not_encrypted,not_exposed_by_fields_api,concrete,100,,false,unknown,true,true,true,present,0,not_applicable,verified_live_read_only
2,2026-08-14,Deals,Deals,Stage,Stage,Stage,picklist,string,system,used,true,writable,false,false,true,true,required,required,not_unique,not_encrypted,not_exposed_by_fields_api,concrete,120,,true,unknown,true,true,true,not_supported,10,captured,verified_live_read_only
2,2026-08-14,Deals,Deals,Stage Modified Time,Stage Modified Time,Stage_Modified_Time,datetime,string,system,used,false,writable,false,true,true,true,optional,optional,not_unique,not_encrypted,not_exposed_by_fields_api,concrete,120,,false,unknown,false,false,false,not_supported,0,not_applicable,verified_live_read_only
2,2026-08-14,Deals,Deals,Submission Channel,Submission Channel,Submission_Channel,picklist,string,custom,used,true,writable,false,false,true,true,optional,optional,not_unique,not_encrypted,not_exposed_by_fields_api,concrete,120,,false,unknown,true,true,true,present,3,captured,verified_live_read_only
2,2026-08-14,Deals,Deals,Subscription Start Date,Subscription Start Date,Subscription_Start_Date,date,string,custom,unused,true,writable,false,false,true,true,optional,not_present,not_unique,not_encrypted,not_exposed_by_fields_api,concrete,20,,false,unknown,true,true,true,missing,0,not_applicable,verified_live_read_only
2,2026-08-14,Deals,Deals,Subscription Status,Subscription Status,Subscription_Status,picklist,string,custom,unused,true,writable,false,false,true,true,optional,not_present,not_unique,not_encrypted,not_exposed_by_fields_api,concrete,120,,false,unknown,true,true,true,missing,6,captured,verified_live_read_only
2,2026-08-14,Deals,Deals,Tag,Tag,Tag,text,jsonarray,system,used,true,writable,false,false,true,true,optional,optional,not_unique,not_encrypted,not_exposed_by_fields_api,concrete,2000,,false,unknown,true,true,false,present,0,not_applicable,verified_live_read_only
2,2026-08-14,Deals,Deals,Target Start Date,Target Start Date,Target_Start_Date,date,string,custom,used,true,writable,false,false,true,true,optional,optional,not_unique,not_encrypted,not_exposed_by_fields_api,concrete,20,,false,unknown,true,true,true,present,0,not_applicable,verified_live_read_only
2,2026-08-14,Deals,Deals,Test Call Limit,Test Call Limit,Test_Call_Limit,integer,integer,custom,used,true,writable,false,false,true,true,optional,optional,not_unique,not_encrypted,not_exposed_by_fields_api,concrete,9,,false,unknown,true,true,true,present,0,not_applicable,verified_live_read_only
2,2026-08-14,Deals,Deals,Test Callback Requests,Test Callback Requests,Test_Callback_Requests,integer,integer,custom,used,true,writable,false,false,true,true,optional,optional,not_unique,not_encrypted,not_exposed_by_fields_api,concrete,9,,false,unknown,true,true,true,present,0,not_applicable,verified_live_read_only
2,2026-08-14,Deals,Deals,Test Calls Reaching Route,Test Calls Reaching Route,Test_Calls_Reaching_Route,integer,integer,custom,used,true,writable,false,false,true,true,optional,optional,not_unique,not_encrypted,not_exposed_by_fields_api,concrete,9,,false,unknown,true,true,true,present,0,not_applicable,verified_live_read_only
2,2026-08-14,Deals,Deals,Test Company-Confirmed Outcomes,Test Company-Confirmed Outcomes,Test_Company_Confirmed_Outcomes,integer,integer,custom,used,true,writable,false,false,true,true,optional,optional,not_unique,not_encrypted,not_exposed_by_fields_api,concrete,9,,false,unknown,true,true,true,present,0,not_applicable,verified_live_read_only
2,2026-08-14,Deals,Deals,Test Company-Confirmed Value,Test Company-Confirmed Value,Test_Company_Confirmed_Value,currency,double,custom,used,true,writable,false,false,true,true,optional,optional,not_unique,not_encrypted,not_exposed_by_fields_api,concrete,16,2,false,unknown,true,true,true,present,0,not_applicable,verified_live_read_only
2,2026-08-14,Deals,Deals,Test Duration Days,Test Duration Days,Test_Duration_Days,integer,integer,custom,used,true,writable,false,false,true,true,optional,optional,not_unique,not_encrypted,not_exposed_by_fields_api,concrete,9,,false,unknown,true,true,true,present,0,not_applicable,verified_live_read_only
2,2026-08-14,Deals,Deals,Test End At,Test End At,Test_End_At,datetime,string,custom,used,true,writable,false,false,true,true,optional,optional,not_unique,not_encrypted,not_exposed_by_fields_api,concrete,120,,false,unknown,true,true,true,present,0,not_applicable,verified_live_read_only
2,2026-08-14,Deals,Deals,Test End Reason,Test End Reason,Test_End_Reason,picklist,string,custom,used,true,writable,false,false,true,true,optional,optional,not_unique,not_encrypted,not_exposed_by_fields_api,concrete,120,,false,unknown,true,true,true,present,8,captured,verified_live_read_only
2,2026-08-14,Deals,Deals,Test Existing-Customer Calls,Test Existing-Customer Calls,Test_Existing_Customer_Calls,integer,integer,custom,used,true,writable,false,false,true,true,optional,optional,not_unique,not_encrypted,not_exposed_by_fields_api,concrete,9,,false,unknown,true,true,true,present,0,not_applicable,verified_live_read_only
2,2026-08-14,Deals,Deals,Test New-Service Inquiries,Test New-Service Inquiries,Test_New_Service_Inquiries,integer,integer,custom,used,true,writable,false,false,true,true,optional,optional,not_unique,not_encrypted,not_exposed_by_fields_api,concrete,9,,false,unknown,true,true,true,present,0,not_applicable,verified_live_read_only
2,2026-08-14,Deals,Deals,Test Phone Number,Test Phone Number,Test_Phone_Number,phone,string,custom,used,true,writable,false,false,true,true,optional,optional,not_unique,not_encrypted,not_exposed_by_fields_api,concrete,30,,false,unknown,true,true,true,present,0,not_applicable,verified_live_read_only
2,2026-08-14,Deals,Deals,Test Qualified Opportunities,Test Qualified Opportunities,Test_Qualified_Opportunities,integer,integer,custom,used,true,writable,false,false,true,true,optional,optional,not_unique,not_encrypted,not_exposed_by_fields_api,concrete,9,,false,unknown,true,true,true,present,0,not_applicable,verified_live_read_only
2,2026-08-14,Deals,Deals,Test Scope Accepted,Test Scope Accepted,Test_Scope_Accepted,boolean,boolean,custom,used,true,writable,false,false,true,true,optional,optional,not_unique,not_encrypted,not_exposed_by_fields_api,concrete,5,,false,unknown,true,true,true,present,0,not_applicable,verified_live_read_only
2,2026-08-14,Deals,Deals,Test Scope Accepted At,Test Scope Accepted At,Test_Scope_Accepted_At,datetime,string,custom,used,true,writable,false,false,true,true,optional,optional,not_unique,not_encrypted,not_exposed_by_fields_api,concrete,120,,false,unknown,true,true,true,present,0,not_applicable,verified_live_read_only
2,2026-08-14,Deals,Deals,Test Scope Version,Test Scope Version,Test_Scope_Version,text,string,custom,used,true,writable,false,false,true,true,optional,optional,not_unique,not_encrypted,not_exposed_by_fields_api,concrete,100,,false,unknown,true,true,true,present,0,not_applicable,verified_live_read_only
2,2026-08-14,Deals,Deals,Test Start At,Test Start At,Test_Start_At,datetime,string,custom,used,true,writable,false,false,true,true,optional,optional,not_unique,not_encrypted,not_exposed_by_fields_api,concrete,120,,false,unknown,true,true,true,present,0,not_applicable,verified_live_read_only
2,2026-08-14,Deals,Deals,Test Status,Test Status,Test_Status,picklist,string,custom,used,true,writable,false,false,true,true,optional,optional,not_unique,not_encrypted,not_exposed_by_fields_api,concrete,120,,false,unknown,true,true,true,present,12,captured,verified_live_read_only
2,2026-08-14,Deals,Deals,Test Urgent or Person-Requested Calls,Test Urgent or Person-Requested Calls,Test_Urgent_or_Person_Requested_Calls,integer,integer,custom,used,true,writable,false,false,true,true,optional,optional,not_unique,not_encrypted,not_exposed_by_fields_api,concrete,9,,false,unknown,true,true,true,present,0,not_applicable,verified_live_read_only
2,2026-08-14,Deals,Deals,Timeline Fit,Timeline Fit,Timeline_Fit,picklist,string,custom,used,true,writable,false,false,true,true,optional,optional,not_unique,not_encrypted,not_exposed_by_fields_api,concrete,120,,false,unknown,true,true,true,present,6,omitted_private_qualification_threshold_values,verified_live_read_only
2,2026-08-14,Deals,Deals,Title,Title,Title,text,string,custom,unused,true,writable,false,false,true,true,optional,not_present,not_unique,not_encrypted,not_exposed_by_fields_api,concrete,100,,false,unknown,true,true,true,missing,0,not_applicable,verified_live_read_only
2,2026-08-14,Deals,Deals,Type,Type,Type,picklist,string,system,used,true,writable,false,false,true,true,optional,optional,not_unique,not_encrypted,not_exposed_by_fields_api,concrete,120,,false,unknown,true,true,true,present,8,captured,verified_live_read_only
2,2026-08-14,Deals,Deals,Urgent Call Handling,Urgent Call Handling,Urgent_Call_Handling,picklist,string,custom,used,true,writable,false,false,true,true,optional,optional,not_unique,not_encrypted,not_exposed_by_fields_api,concrete,120,,false,unknown,true,true,true,present,4,captured,verified_live_read_only
2,2026-08-14,Deals,Deals,URL,URL,URL,text,string,custom,unused,true,writable,false,false,true,true,optional,not_present,not_unique,not_encrypted,not_exposed_by_fields_api,concrete,255,,false,unknown,true,true,true,missing,0,not_applicable,verified_live_read_only
2,2026-08-14,Deals,Deals,Workflow Integration,Workflow Integration,Workflow_And_Integration_Notes,textarea,string,custom,used,true,writable,false,false,true,true,optional,optional,not_unique,not_encrypted,not_exposed_by_fields_api,concrete,2000,,false,unknown,true,true,false,present,0,not_applicable,verified_live_read_only
